<?xml version="1.0" encoding="UTF-8"?>
<metadata xml:lang="en"><Esri><CreaDate>20181107</CreaDate><CreaTime>10182300</CreaTime><ArcGISFormat>1.0</ArcGISFormat><SyncOnce>TRUE</SyncOnce><DataProperties><lineage><Process ToolSource="c:\program files (x86)\arcgis\desktop10.6\ArcToolbox\Toolboxes\Spatial Statistics Tools.tbx\MultiDistanceSpatialClustering" Date="20181107" Time="100609">MultiDistanceSpatialClustering Clustered_Dispersed_Points C:\Users\eugeneby\Documents\ArcGIS\Default.gdb\Clustered_Dispersed_Points_M3 10 0_PERMUTATIONS_-_NO_CONFIDENCE_ENVELOPE DISPLAY_IT # # # NONE MINIMUM_ENCLOSING_RECTANGLE #</Process></lineage></DataProperties></Esri></metadata>
