<?xml version="1.0" encoding="UTF-8"?>
<metadata xml:lang="en"><Esri><CreaDate>20130925</CreaDate><CreaTime>14310800</CreaTime><ArcGISFormat>1.0</ArcGISFormat><SyncOnce>TRUE</SyncOnce><DataProperties><itemProps><itemLocation><linkage Sync="TRUE">file://\\PAVEL-PC\Users\pavel\Dropbox\Documents\Work and School\Teaching\MUSA Spatial Stats\Point Pattern Analysis\K-Functions\Random100_2</linkage><protocol Sync="TRUE">Local Area Network</protocol></itemLocation></itemProps><copyHistory><copy source="C:\Users\pavel\Dropbox\Documents\Work and School\Teaching\MUSA Spatial Stats\Point Pattern Analysis\Random100_2" dest="\\PAVEL-PC\Users\pavel\Dropbox\Documents\Work and School\Teaching\MUSA Spatial Stats\Point Pattern Analysis\K-Functions\Random100_2" date="20130925" time="14310800"></copy></copyHistory></DataProperties></Esri></metadata>
