<?xml version="1.0" encoding="UTF-8"?>
<metadata xml:lang="en"><Esri><CreaDate>20130830</CreaDate><CreaTime>15184700</CreaTime><ArcGISFormat>1.0</ArcGISFormat><SyncOnce>TRUE</SyncOnce><DataProperties><lineage><Process ToolSource="c:\program files (x86)\arcgis\desktop10.2\ArcToolbox\Toolboxes\Data Management Tools.tbx\CalculateField" Date="20130830" Time="151847">CalculateField Philadelphia_ZipCodes Pop2000 [C_CS_POPN_] VB #</Process><Process ToolSource="c:\program files (x86)\arcgis\desktop10.2\ArcToolbox\Toolboxes\Data Management Tools.tbx\CalculateField" Date="20130830" Time="151918">CalculateField Philadelphia_ZipCodes MedIncome [C_CS_MDN_I] VB #</Process></lineage></DataProperties></Esri></metadata>
