Transportation,TwoMiRadius,WeeklyIncome,Gender,Parent
1,0,888.384559,1,0
1,0,611.338134,0,0
1,0,667.4583863,0,1
1,0,914.3464281,1,1
1,0,934.0372178,1,0
1,0,831.4726777,1,0
1,0,514.7088836,1,0
1,0,737.8973067,0,0
1,0,740.3881772,0,0
1,0,899.6722411,1,1
1,0,505.911358,0,0
1,0,632.2974794,0,1
1,0,662.6565662,1,0
1,0,805.8058537,0,0
1,0,509.0103205,1,0
1,0,776.5959472,0,0
1,0,541.8588412,1,1
1,0,696.1298305,0,1
1,0,578.375871,0,1
1,0,598.4468578,1,0
1,0,954.1648147,1,1
1,0,769.1794283,1,1
1,0,810.8222936,1,1
1,0,631.886231,0,0
1,0,633.9263222,0,0
1,0,990.4110347,1,1
1,0,715.4329065,0,0
1,0,953.493622,0,0
1,0,864.400363,1,0
1,0,644.139988,0,1
1,0,843.4649645,1,0
1,0,663.3148781,1,0
1,0,600.7022025,1,0
1,0,764.6269663,0,1
1,0,650.6404435,1,1
1,0,724.666401,0,1
1,0,513.3735004,1,1
1,0,539.1232766,0,0
1,0,565.1709199,1,1
1,0,645.8637987,0,0
1,0,618.0008238,1,1
1,0,784.6133576,0,0
1,0,763.9439583,1,0
1,0,588.4145456,1,0
1,0,940.8828407,1,0
1,0,771.6788164,0,0
1,0,698.6192725,1,1
1,0,540.4702586,1,1
1,0,607.264193,1,1
1,0,713.3945966,0,0
1,0,588.7455336,1,0
1,0,620.7934201,1,0
1,0,867.5566845,0,0
1,0,559.4661777,0,0
1,0,779.5875374,0,0
1,0,939.2743616,1,1
1,0,896.2814916,0,1
1,0,751.8246097,1,0
1,0,845.2593234,1,1
1,0,838.7621589,0,0
1,0,865.291135,1,0
1,0,611.0006885,1,1
1,0,754.5421545,0,0
1,0,647.2642418,0,1
1,0,587.940184,0,0
1,0,504.2984562,1,1
1,0,650.4633764,0,0
1,0,990.6553598,1,0
1,0,655.809838,1,0
1,0,597.873509,1,1
1,0,658.352138,0,1
1,0,744.8070287,1,1
1,0,848.5566184,1,1
1,0,709.2486193,0,1
1,0,911.4893784,1,0
1,0,852.8171923,1,1
1,0,758.4866926,1,0
1,0,803.1826121,1,0
1,0,846.2218289,0,1
1,0,531.0020542,0,0
1,0,936.5283217,0,0
1,0,850.4002394,0,0
1,0,615.0550784,0,0
1,0,592.3315641,0,0
1,0,684.1297797,1,0
1,0,838.5245851,0,0
1,0,575.971199,0,1
1,0,838.8841993,0,0
1,0,914.2337597,1,0
1,0,519.1184736,0,0
1,0,853.7267116,1,1
1,0,881.4175814,0,1
1,0,993.8127372,1,0
1,0,611.7543648,0,0
1,0,898.5720942,1,0
1,0,662.8590784,0,1
1,0,972.3799435,1,0
1,0,763.7363949,1,0
1,0,650.2892669,0,1
1,0,774.7579702,1,1
1,0,817.3938383,0,0
1,0,847.2475528,0,0
1,0,706.7266186,1,0
1,0,863.5825492,0,1
1,0,778.8459381,0,1
1,0,679.1145895,1,1
1,0,575.2333182,0,0
1,0,646.5837832,0,0
1,0,726.378223,0,0
1,0,850.2194776,1,0
1,0,538.3301376,0,0
1,0,745.0756376,1,0
1,0,767.7662458,1,1
1,0,543.9997933,1,0
1,0,918.6957138,1,1
1,0,889.9930419,0,0
1,0,754.5067613,0,0
1,0,635.3475964,1,1
1,0,668.2144438,1,1
1,0,916.6964484,1,0
1,0,791.0052905,0,0
1,0,809.8851154,0,0
1,0,647.5858366,0,0
1,0,834.7890685,1,0
1,0,763.1302457,1,0
1,0,571.7232489,1,1
1,0,869.0064844,0,0
1,0,857.308714,0,0
1,0,940.7833967,0,1
1,0,908.6149827,1,1
1,0,753.6411357,1,0
1,0,904.0509473,1,0
1,0,619.2897558,0,1
1,0,746.7908543,1,0
1,0,952.3412539,0,1
1,0,653.1090955,0,0
1,0,954.7727559,1,1
1,0,958.5963126,0,0
1,0,725.384464,0,1
1,0,686.3145471,0,1
1,0,572.9688037,0,1
1,0,731.1303916,0,1
1,0,506.9006178,0,1
1,0,747.3449755,0,0
1,0,782.7667666,0,0
1,0,504.3420668,1,0
1,0,599.1755333,0,1
1,0,701.249905,1,1
1,0,706.537528,0,1
1,0,997.3882403,1,1
1,0,516.5958353,1,0
1,0,520.3346399,0,1
1,0,647.2827077,0,1
1,0,924.2094961,0,0
1,0,722.1980297,1,1
1,0,649.4706716,1,0
1,0,605.7467824,1,0
1,0,977.7180451,0,0
1,0,867.9187076,0,0
1,0,661.6775067,1,1
1,0,800.2943295,0,0
1,0,793.7404664,0,1
1,0,522.1839618,1,1
1,0,860.9374511,0,1
1,0,683.5941368,1,0
1,0,913.5604742,1,1
1,0,512.4261565,1,1
1,0,561.8093368,0,1
1,0,524.2054759,1,1
1,0,716.0915247,0,1
1,0,764.4383739,1,0
1,0,854.3078502,1,0
1,0,570.9931074,1,0
1,0,553.729632,1,1
1,0,702.7290563,0,1
1,0,764.9725489,1,0
1,0,906.6370527,1,0
1,0,660.1669505,0,0
1,0,823.955016,1,0
1,0,678.5186468,1,0
1,0,875.2399819,1,1
1,0,677.1343713,0,0
1,0,987.0055118,1,1
1,0,505.0732871,0,1
1,0,811.6877786,0,0
1,0,855.1506959,0,0
1,0,729.5120448,0,1
1,0,591.6385924,1,0
1,0,631.238805,0,1
1,0,650.1409075,0,1
1,0,703.4609251,1,1
1,0,876.6695088,1,0
1,0,783.6275042,1,0
1,0,734.0687267,1,0
1,0,891.7301421,1,0
1,0,933.3065905,1,1
1,0,963.1350735,1,0
1,0,875.5251167,1,1
1,0,501.2453651,0,0
1,0,951.2136152,0,0
1,0,675.6379349,0,1
1,0,812.5095712,0,0
1,0,699.5270425,0,1
1,0,694.1184271,1,1
1,0,613.7703366,1,0
1,0,775.667501,0,1
1,0,685.1422901,0,0
1,0,816.4272062,0,1
1,0,950.2061808,1,1
1,0,737.4156196,0,1
1,0,768.0125806,1,1
1,0,660.9347685,1,0
1,0,680.1384337,1,1
1,0,613.7922548,1,0
1,0,605.054635,1,0
1,0,746.0735805,0,1
1,0,571.7039518,1,0
1,0,654.2102906,0,0
1,0,664.6454824,0,1
1,0,740.7151578,0,1
1,0,836.2222766,1,1
1,0,934.5160914,0,1
1,0,819.7498015,1,0
1,0,583.0047428,1,1
1,0,996.8702505,0,0
1,0,857.4546459,1,1
1,0,844.9955188,0,1
1,0,959.1112898,1,1
1,0,534.8229278,1,0
1,0,913.360176,1,0
1,0,896.8290439,1,1
1,0,506.5197327,0,1
1,0,887.6095668,0,1
1,0,714.022372,0,1
1,0,563.3304259,0,1
1,0,748.9229018,1,1
1,0,993.0201825,1,0
1,0,733.1665357,0,0
1,0,586.3147443,1,1
1,0,674.0297471,0,1
1,0,993.3153438,1,0
1,0,839.0552975,1,1
1,0,629.2732539,0,1
1,0,766.7094397,1,1
1,0,819.9051278,0,1
1,0,749.0191181,1,1
1,0,504.7042301,1,1
1,0,594.432007,1,0
1,0,682.2455183,1,0
1,0,845.9223853,0,1
1,0,862.3121036,1,0
1,0,513.7074707,0,1
1,0,922.6145707,0,0
1,0,915.0715096,1,1
1,0,515.7422556,1,0
1,0,999.5947316,0,1
1,0,794.1179837,0,1
1,0,706.3965334,1,0
1,0,770.429469,1,1
1,0,840.9955671,0,1
1,0,608.5436099,0,1
1,0,578.7404788,1,0
1,0,857.6846036,1,0
1,0,700.4931565,1,0
1,0,667.2478524,0,1
1,0,534.4460949,0,0
1,0,910.9959626,0,1
1,0,973.004761,0,1
1,0,862.0260582,0,1
1,0,670.2812162,1,0
1,0,643.4383275,1,1
1,0,600.5674238,0,0
1,0,920.5065172,1,1
1,0,988.4824149,0,1
1,0,514.5845885,0,1
1,0,695.8335033,1,0
1,0,800.5456393,1,1
1,0,993.6360463,1,1
1,0,533.9651194,0,1
1,0,627.8770156,0,0
1,0,516.7366972,0,0
1,0,674.5175891,0,0
1,0,775.6404057,1,1
1,0,636.8835406,0,1
1,0,619.2973603,1,0
1,0,667.48277,1,0
1,0,846.5760319,1,0
1,0,900.3196538,1,1
1,0,916.431162,1,0
1,0,989.2659614,0,1
1,0,651.4863591,0,0
1,0,746.8204729,0,1
1,0,501.6469788,0,0
1,0,667.0185091,0,1
1,0,561.3168412,0,0
1,0,741.4898538,1,1
1,0,965.1240192,0,0
1,0,613.5452292,1,0
1,0,556.7342686,0,1
1,0,779.6451567,1,1
1,0,773.9694564,0,0
1,0,986.0966188,0,0
1,0,917.5017144,1,0
1,0,552.9678992,0,1
1,0,992.5755685,0,1
1,0,818.3339996,1,0
1,0,909.6955881,1,0
1,0,896.445859,0,0
1,0,575.7047739,1,1
1,0,932.2187325,1,0
1,0,832.0830146,0,1
1,0,992.9443183,1,0
1,0,504.2685939,0,1
1,0,755.7140834,1,1
1,0,945.5076833,0,1
1,0,903.3336753,0,1
1,0,897.4232268,1,0
1,0,586.4919678,0,0
1,0,724.2820285,0,0
1,0,576.0948804,1,1
1,0,542.6259338,1,1
1,0,586.5571403,1,1
1,0,816.4028066,1,0
1,0,792.3325249,0,1
1,0,883.1322351,1,0
1,0,540.1880936,0,0
1,0,916.4429777,0,0
1,0,993.5419338,1,0
1,0,933.6993251,1,0
1,0,840.9581626,0,1
1,0,906.8231529,0,0
1,0,530.6437474,1,1
1,0,812.9933159,1,1
1,0,706.6053312,0,1
1,0,828.4661679,0,1
1,0,637.5415768,1,1
1,0,732.8910995,0,0
1,0,705.7267821,1,1
1,0,851.1044722,0,1
1,0,896.4810266,0,1
1,0,844.012555,0,1
1,0,975.105008,0,0
1,0,876.3797538,0,1
1,0,650.4104503,1,0
1,0,945.3608617,0,0
1,0,919.7963137,0,0
1,0,724.7629509,1,0
1,0,815.5066263,1,0
1,0,687.7671783,0,0
1,0,693.3946151,0,1
1,0,764.6645312,0,0
1,0,851.5931617,0,0
1,0,718.4042378,0,1
1,0,697.2329404,0,0
1,0,751.0723705,1,1
1,0,618.8869808,0,1
1,0,777.005543,1,0
1,0,750.0131019,1,1
1,0,723.3811396,1,0
1,0,507.8684528,1,1
1,0,518.5093309,1,0
1,0,573.6269799,0,1
1,0,850.9837714,0,1
1,0,733.3298232,1,1
1,0,630.0381244,0,0
1,0,800.2015922,0,1
1,0,657.2468341,0,1
1,0,971.7486697,0,0
1,0,817.9786946,1,1
1,0,947.236816,1,0
1,0,684.5389284,1,1
1,0,729.1186817,0,1
1,0,980.5605314,1,1
1,0,728.996515,1,0
1,0,641.0058754,1,1
1,0,514.0399331,0,1
1,0,769.2473875,0,1
1,0,518.0029702,0,1
1,0,813.6112741,0,1
1,0,664.5898103,1,1
1,0,974.4710606,1,1
1,0,848.2180208,1,1
1,0,910.9055361,0,0
1,0,573.9280024,1,0
1,0,738.0430192,1,0
1,0,882.0234206,1,0
1,0,714.1950157,0,1
1,0,579.7136059,1,1
1,0,784.9899444,0,1
1,0,554.5102331,1,1
1,0,891.5077337,0,0
1,0,699.8354405,1,0
1,0,743.2533166,1,1
1,0,961.8664512,1,1
1,0,910.3568886,0,0
1,0,621.2140728,0,1
1,0,654.651148,1,1
1,0,782.5939207,1,1
1,0,993.5660932,0,1
1,0,742.9642881,1,0
1,0,816.5295128,0,1
1,0,589.6354755,1,0
1,0,686.5933763,1,0
1,0,942.3026102,1,1
1,0,733.7098709,0,0
1,0,823.597725,0,0
1,0,830.9759036,0,0
1,0,705.8265855,1,1
1,0,948.743345,0,0
1,0,528.0014386,1,1
1,0,837.5930531,0,1
1,0,926.7786537,0,1
1,0,772.9734505,0,0
1,0,825.6597297,1,0
1,0,775.433422,1,0
1,0,716.109403,0,1
1,0,620.3590286,0,1
1,0,985.5672375,1,0
1,0,573.6610849,0,0
1,0,877.4858211,1,1
1,0,972.6193629,0,0
1,0,954.3460939,1,1
1,0,508.770627,0,1
1,0,912.135767,0,1
1,0,853.1575219,0,0
1,1,815.0527489,0,0
1,1,500.0826873,0,1
1,0,978.247092,0,1
1,1,912.2829201,1,1
1,0,911.7162095,0,1
1,1,908.9113811,1,0
1,1,933.3437851,0,0
1,0,819.6100068,1,1
1,1,787.8272294,1,1
1,1,505.9939471,0,0
1,1,605.2965171,1,1
1,1,940.2560816,1,1
1,1,575.8537917,0,0
1,1,955.3946729,0,0
1,1,991.5716858,0,0
1,0,759.9551192,0,1
1,1,500.5634454,0,0
1,0,764.7377685,1,1
1,0,851.0469898,0,1
1,1,825.3769301,1,0
1,0,913.6570552,0,0
1,0,738.7654111,0,0
1,1,687.1293722,0,0
1,0,970.6046333,1,0
1,0,505.3395245,1,0
1,1,553.2283674,0,0
1,1,531.4742539,1,0
1,1,518.7631207,1,0
1,1,619.3056163,1,0
1,1,767.1184693,1,1
1,0,691.6056564,0,1
1,1,925.6297909,1,0
1,0,500.4411775,0,1
1,0,676.1653685,1,0
1,0,686.7226678,1,0
1,1,663.3290973,1,1
1,1,750.6917281,0,0
1,1,678.4057896,1,0
1,1,738.3368226,0,0
1,1,611.6029179,1,1
1,1,603.1290289,0,1
1,0,933.8347181,1,0
1,1,995.8412314,0,1
1,0,951.6764223,1,0
1,0,867.8448061,0,0
1,1,955.5925299,0,0
1,1,787.4726043,1,0
1,1,687.8671931,0,0
1,1,877.0723541,0,1
1,1,666.7541103,1,0
1,0,717.7855789,1,0
1,0,624.2727465,0,1
1,1,829.1565835,0,1
1,0,538.4072867,0,1
1,1,541.7610631,0,0
1,1,709.3112643,0,0
1,0,628.4781825,0,1
1,0,705.9641008,1,1
1,0,825.5597171,0,0
1,1,801.6230483,0,0
1,1,913.2492465,0,0
1,1,787.5702094,1,1
1,0,855.6930649,0,1
1,0,842.306429,0,1
1,1,747.2035188,0,1
1,0,710.3779485,1,0
1,1,774.2556705,0,0
1,1,786.8131958,1,0
1,1,628.2103826,1,1
1,1,754.6043706,0,1
1,0,854.290615,0,0
1,0,796.0615861,0,1
1,1,880.9947257,0,1
1,1,818.2199499,0,0
1,1,846.8951568,0,0
1,0,869.9604885,0,0
1,0,708.9808523,1,0
1,0,770.4219026,1,0
1,1,511.1000144,0,0
1,1,699.2061989,0,0
1,0,864.249525,0,1
1,0,735.7997578,1,0
1,1,756.8935974,1,0
1,1,557.867622,0,0
1,0,959.8967039,1,0
1,0,914.4234116,1,1
1,1,686.077225,1,0
1,0,768.1435072,0,0
1,1,787.2218129,1,1
1,1,834.3605691,0,0
1,0,769.0201456,1,1
1,0,577.8411949,1,0
1,0,791.5676014,0,1
1,0,625.8924982,0,1
1,1,517.5088577,1,1
1,1,765.4757498,0,1
1,1,764.6222558,1,0
1,0,918.6096257,1,0
1,0,900.7713403,0,1
1,0,824.7031528,0,0
1,0,834.3576014,1,0
1,1,542.1339617,1,1
1,1,882.1241098,0,0
1,1,635.1451129,1,1
1,1,683.0765811,1,0
1,1,797.3201022,0,1
1,1,814.2905059,1,1
1,1,961.4181171,0,1
1,1,848.0933805,1,0
1,0,880.751777,0,0
1,0,630.7037964,1,0
1,1,894.6342346,1,1
1,1,502.6951024,0,0
1,0,586.3693225,0,0
1,1,850.5810918,1,0
1,1,604.6213399,0,0
1,1,971.8569101,1,0
1,0,910.273016,1,1
1,0,501.727654,1,0
1,0,812.216879,1,1
1,0,787.677177,1,1
1,1,824.8633442,1,0
1,0,897.6993699,0,1
1,0,957.9044877,1,0
1,0,666.5718276,0,0
1,1,800.3985838,1,0
1,0,748.8679063,1,1
1,1,706.2293219,0,0
1,0,761.3128238,0,0
1,0,687.6873367,1,0
1,1,842.3606885,1,1
1,0,837.7688077,1,0
1,0,823.7653816,1,0
1,1,730.9369866,1,1
1,1,779.0750411,0,1
1,1,828.093942,1,0
1,0,642.9285922,1,1
1,0,604.7938356,0,0
1,0,840.5336268,1,1
1,0,519.8645262,0,0
1,0,566.3637355,0,1
1,0,824.9565558,0,1
1,0,650.6505839,0,1
1,1,834.1845127,0,0
1,0,675.7470583,1,0
1,0,719.4077067,1,0
1,1,974.2766553,0,1
1,0,588.0699024,1,0
1,1,739.1850802,0,0
1,0,803.016794,0,1
1,0,878.7360653,1,1
1,0,953.3497876,1,0
1,1,591.9886128,0,0
1,0,624.6067351,0,1
1,0,737.2123132,0,1
1,0,839.9761016,1,0
1,0,890.4469324,0,0
1,1,876.9065095,0,0
1,0,834.305227,1,1
1,1,571.9476507,0,0
1,1,890.553777,0,1
1,1,801.7709595,0,1
1,1,842.9389745,1,1
1,1,649.6092292,1,1
1,0,914.1775678,1,0
1,0,953.7918188,0,0
1,1,606.7799086,1,0
1,1,955.9068066,1,1
1,1,629.8147939,0,1
1,1,540.506084,0,0
1,0,708.5258273,1,0
1,0,865.6305466,0,1
1,1,706.887311,1,1
1,0,621.210234,0,0
1,0,703.5243318,1,0
1,1,946.4091295,1,1
1,1,747.2750643,0,0
1,0,515.4893746,0,1
1,0,881.6806544,0,0
1,1,900.175825,1,0
1,0,767.93885,0,1
1,1,602.122059,0,0
1,0,659.1465482,0,1
1,0,542.1832561,1,1
1,0,767.5644158,0,1
1,1,509.7852621,0,1
1,0,657.5515166,0,1
1,1,510.6101551,1,0
1,1,536.7747791,0,0
1,1,994.6316003,0,1
1,1,592.1905402,0,1
1,1,549.9404523,1,1
1,1,607.270854,0,1
1,1,916.1030693,1,1
1,1,875.0943019,0,0
1,1,839.0122316,1,1
1,1,843.6512559,1,1
1,1,852.800679,0,0
1,1,984.5534769,1,0
1,1,727.8401646,0,0
1,0,779.4383063,0,0
1,1,861.4320156,1,1
1,1,872.3715004,1,0
1,0,882.3898382,0,1
1,0,662.1502851,1,1
1,1,641.0999635,1,0
1,1,911.4584934,1,0
1,1,699.1949686,1,0
1,1,650.8525397,0,0
1,0,741.5692319,1,0
1,1,591.6277122,0,1
1,1,572.6761499,0,1
1,1,817.7423056,1,0
1,0,546.4943767,1,1
1,1,766.6116317,0,0
1,1,713.630133,1,1
1,1,972.3386545,1,1
1,1,966.4753008,0,0
1,0,507.764397,1,0
1,0,967.5414637,0,0
1,1,859.1510799,0,1
1,1,869.2750561,0,1
1,0,964.8650551,0,0
1,0,909.1146388,1,1
1,0,788.5554232,1,1
1,1,621.7518131,1,1
1,0,738.4763962,0,1
1,1,873.5905509,1,1
1,1,640.1126994,1,0
1,0,676.0130184,1,0
1,1,991.4273479,0,1
1,1,726.1618213,0,1
1,1,759.4615108,1,1
1,1,765.2296222,1,0
1,0,908.9853288,0,1
1,1,936.7457828,1,1
1,1,897.3123783,1,1
1,1,802.3611661,1,0
1,0,997.1215233,1,1
1,0,542.6609004,0,0
1,1,694.1872935,1,1
1,1,608.36531,1,1
1,0,582.9429618,0,1
1,1,825.6525871,0,0
1,0,569.4977184,1,0
1,1,818.0642717,0,1
1,1,807.4700711,0,0
1,0,701.9732029,0,1
1,0,988.0706236,1,0
1,0,515.674598,1,0
1,0,692.3138393,0,1
1,1,971.3430891,1,1
1,1,911.1423891,0,1
1,0,726.3236316,0,1
1,0,830.5612243,0,1
1,1,534.073118,1,0
1,1,689.096088,0,1
1,0,836.9552558,1,1
1,1,779.3307866,0,1
1,1,810.410675,1,0
1,0,774.9668598,1,1
1,1,766.3261733,1,1
1,1,997.6080959,1,0
1,1,835.7289955,1,1
1,0,917.5677008,0,1
1,1,665.4043091,0,0
1,0,757.5374435,1,0
1,0,876.587302,0,0
1,1,644.1196826,0,0
1,0,868.9752236,1,1
1,0,820.5168449,1,0
1,0,905.02453,0,0
1,0,775.6575506,0,1
1,0,736.5292162,1,0
1,1,992.8249732,1,0
1,0,508.9723541,0,0
1,0,634.476322,1,1
1,0,938.6961233,1,0
1,0,706.3598571,0,0
1,1,872.9501188,0,1
1,0,659.1642043,1,1
2,0,885.2528692,1,0
2,0,636.1391884,1,1
2,1,905.1367247,1,1
2,0,810.9999535,0,1
2,1,588.6144633,1,1
2,1,869.8439217,1,1
2,1,848.6644102,1,1
2,0,539.5286678,0,1
2,1,895.0555061,0,1
2,1,557.9708409,1,0
2,1,928.9508251,1,0
2,0,714.3980774,1,0
2,1,717.464539,0,1
2,0,706.9101264,0,0
2,1,588.3696229,1,0
2,1,820.7184468,0,0
2,0,653.5652115,0,0
2,0,664.3504819,1,1
2,0,822.1878663,1,1
2,0,892.7855184,0,1
2,1,595.1538604,0,0
2,1,571.5699911,1,1
2,1,569.0526828,1,0
2,1,789.9964733,1,1
2,0,930.7750663,0,0
2,1,648.8719981,1,0
2,0,629.4782699,1,0
2,1,659.6502954,1,0
2,1,848.3895245,0,1
2,0,741.1264687,0,1
2,1,519.0093653,1,0
2,1,809.7719918,0,0
2,0,839.5159972,1,0
2,1,686.5271818,0,1
2,0,633.3803408,1,1
2,0,523.0284643,1,1
2,0,561.7063135,0,0
2,0,935.8917392,0,1
2,0,723.2559189,0,1
2,0,510.497618,1,0
2,0,676.4231222,0,0
2,0,621.1896331,0,1
2,1,832.2917708,1,1
2,1,643.8929007,0,1
2,1,930.3185016,0,1
2,0,751.2847038,1,0
2,0,980.2150423,1,0
2,0,949.3916748,0,0
2,0,655.0357649,0,1
2,0,655.7931946,1,0
2,1,673.889467,1,0
2,1,707.5617627,1,1
2,0,591.8699642,1,0
2,1,655.193474,1,0
2,1,988.95992,1,0
2,0,694.0562834,0,0
2,1,670.3505917,0,1
2,0,814.6952409,1,1
2,1,517.2899396,0,0
2,0,656.4267829,1,1
2,1,828.8095985,1,1
2,1,734.6377587,1,1
2,0,618.0687254,1,0
2,0,928.5011927,0,1
2,1,599.2097261,0,1
2,1,729.9819817,0,1
2,1,987.8383015,0,0
2,0,794.7048141,1,0
2,0,842.2541632,1,0
2,1,967.2307519,0,0
2,0,646.4538793,1,1
2,0,629.5934096,0,1
2,1,697.2354227,0,1
2,1,514.3919979,0,1
2,0,848.7809414,1,0
2,0,893.9868244,0,1
2,0,844.7992985,1,1
2,0,734.6144149,0,0
2,0,881.2750186,0,1
2,1,500.4127599,0,0
2,0,777.9769513,1,1
2,1,650.1400969,0,1
2,1,538.143085,0,1
2,1,913.4676499,0,1
2,0,927.5953669,1,0
2,1,662.668759,1,0
2,0,842.9896633,1,1
2,1,561.5507396,0,0
2,0,803.7236496,1,1
2,1,827.4390662,0,1
2,1,589.4686243,1,1
2,1,625.8121549,0,1
2,0,646.997845,0,1
2,0,629.0438852,0,0
2,0,593.501958,0,1
2,0,975.8631558,0,1
2,1,621.7099629,1,1
2,1,908.9469872,1,1
2,1,649.6689321,1,0
2,1,910.6532104,0,0
2,0,863.1410151,1,1
2,1,864.8447468,0,1
2,1,930.0289746,1,0
2,0,805.7245458,0,0
2,1,878.4576628,1,1
2,1,686.3873138,1,1
2,0,540.1157293,1,1
2,0,874.167004,0,0
2,0,865.1953276,1,0
2,1,590.194612,0,1
2,0,689.7864304,1,1
2,0,685.3711404,1,0
2,0,717.9748371,1,0
2,1,730.5760577,1,0
2,0,809.2303657,1,1
2,0,746.5109625,1,0
2,1,889.4073842,0,0
2,1,810.3916169,0,0
2,1,679.1129258,0,0
2,0,658.767543,1,0
2,0,727.1713149,0,0
2,1,764.079505,0,1
2,0,669.6528378,0,1
2,0,930.9036845,0,1
2,1,734.3515838,1,1
2,0,951.1880959,0,0
2,0,502.9548701,0,1
2,0,864.9044745,0,0
2,1,673.218314,1,0
2,0,772.6033021,0,0
2,1,530.7969616,1,0
2,1,557.1134628,1,0
2,0,704.6354368,0,1
2,1,557.5090693,0,0
2,1,892.3288778,1,1
2,1,756.9306826,0,0
2,1,949.692711,1,0
2,1,993.0370246,0,0
2,1,526.5049084,1,0
2,0,685.5529052,0,0
2,1,558.4964356,0,1
2,0,926.4724142,1,1
2,0,699.4784209,0,0
2,1,829.8359767,1,1
2,0,808.5930305,0,1
2,0,507.4336916,0,1
2,0,786.866952,0,0
2,0,668.7089321,0,0
2,1,910.3138929,0,1
2,0,749.4306788,1,1
2,1,572.1930643,1,0
2,0,603.1544538,1,0
2,1,937.4421577,0,1
2,0,586.7560354,0,0
2,0,743.2737832,1,0
2,0,912.6345464,0,1
2,1,598.6343541,1,0
2,1,936.7938639,1,0
2,0,807.5202854,1,1
2,0,623.8208905,1,0
2,0,982.1837916,0,1
2,0,952.6064777,0,0
2,1,777.0103227,1,0
2,0,725.0202848,0,0
2,0,828.3630851,1,0
2,1,663.8307383,0,0
2,0,798.1737663,0,0
2,0,966.2045032,0,0
2,0,819.5754293,0,1
2,1,685.179166,1,0
2,1,698.0755239,1,0
2,1,715.942045,1,0
2,1,873.3811018,1,0
2,0,536.9847687,0,0
2,0,788.9609029,0,0
2,0,635.6704614,1,0
2,1,903.3404129,1,1
2,0,779.7406372,0,0
2,1,535.2532844,0,1
2,0,811.755776,0,0
2,1,557.448703,0,0
2,1,794.6324031,1,1
2,1,698.1666788,1,0
2,0,796.2909862,1,1
2,0,913.2615061,1,0
2,0,715.1782185,0,1
2,1,750.2460176,0,1
2,1,525.1987004,0,1
2,0,819.0118464,1,1
2,0,797.6383314,1,0
2,0,730.5254206,1,1
2,0,913.3485987,0,1
2,0,940.6348217,0,1
2,1,636.5585197,0,0
2,1,638.9248511,1,1
2,1,867.9008121,0,1
2,1,826.5544706,0,1
2,1,522.213661,1,1
2,1,696.9993832,1,1
2,1,517.5833091,0,0
2,1,880.6712037,0,1
2,1,740.5019671,1,1
2,1,512.8048645,1,0
2,1,588.8091609,0,1
2,1,912.7029136,0,0
2,1,989.136598,0,0
2,1,862.9137793,1,0
2,0,663.4858595,1,0
2,0,753.8908609,0,0
2,1,523.2727469,1,1
2,1,549.6334769,0,1
2,0,780.5564269,1,0
2,0,831.3601949,0,1
2,0,884.5307983,1,1
2,1,679.2046433,0,0
2,0,724.1178684,1,1
2,1,869.3856267,0,1
2,0,689.1593602,0,0
2,1,536.6445806,0,0
2,1,835.262453,1,0
2,1,698.2139686,1,0
2,1,833.5156693,1,0
2,1,625.2953909,1,0
2,1,775.3909294,0,0
2,1,608.4077756,1,0
2,0,742.4091719,1,1
2,1,681.8894516,1,1
2,1,961.0259208,0,0
2,1,967.235872,0,0
2,0,853.1121828,1,1
2,1,581.6476046,0,0
2,0,588.5812147,1,1
2,1,552.4868622,1,0
2,0,675.8642707,1,1
2,0,834.997025,0,1
2,0,990.6987162,1,1
2,0,544.645157,0,0
2,1,628.7811517,0,0
2,1,520.2177855,1,0
2,1,901.3006976,1,1
2,1,825.408127,0,0
2,0,972.5207486,1,0
2,0,980.211674,1,0
2,1,936.3547958,1,1
2,0,760.2805884,0,1
2,0,697.4225756,0,1
2,1,611.6041072,0,1
2,0,886.6512616,0,0
2,1,658.2503533,1,0
2,0,536.2032422,0,1
2,0,542.3068705,1,0
2,0,925.0657088,1,0
2,0,597.6634291,1,1
2,1,918.115525,1,1
2,0,606.6963163,0,0
2,0,611.47556,0,0
2,1,908.9157817,1,1
2,1,810.0265624,1,1
2,1,975.1435644,1,1
2,1,744.5819901,0,0
2,1,820.4003108,0,0
2,1,603.9505982,0,0
2,1,751.2388807,1,1
2,1,956.8288153,0,0
2,1,693.9550991,1,1
2,0,852.8027675,0,1
2,0,931.8404249,0,1
2,1,540.223978,1,0
2,0,837.5954907,1,1
2,0,656.7938195,1,0
2,1,559.4967317,0,0
2,1,767.0534784,1,1
2,1,572.4804873,1,0
2,0,727.684855,0,1
2,0,556.6186635,0,1
2,1,710.5110438,0,1
2,1,769.3564336,0,1
2,0,870.8029262,1,0
2,1,577.3197763,0,1
2,1,804.4318211,1,1
2,0,818.2568762,0,1
2,1,524.1313794,0,0
2,1,583.8467365,1,1
2,1,791.3779145,0,1
2,0,574.4177038,1,0
2,1,985.720317,1,1
2,0,759.599682,0,0
2,0,983.471585,1,0
2,1,694.8518937,0,0
2,1,777.4557981,0,0
2,1,952.2063967,0,0
2,0,601.0314279,0,1
2,0,577.5894963,1,1
2,0,844.7506391,0,1
2,0,600.0498379,0,1
2,0,517.2088978,1,0
2,0,618.4893396,1,1
2,1,769.6521663,1,0
2,1,838.2753989,0,1
2,0,585.4996688,0,0
2,1,650.8551517,1,0
2,1,626.1310732,1,0
2,1,932.7350902,1,1
2,0,602.2330122,0,1
2,1,776.891271,1,1
2,0,598.6361365,0,0
2,1,598.8715705,1,0
2,0,904.9120371,1,1
2,1,732.0851508,1,1
2,1,594.6819294,1,1
2,1,601.4888218,1,1
2,1,683.4280624,0,0
2,1,839.6304383,0,0
2,1,939.2235692,1,0
2,1,930.0111649,0,0
2,0,792.7714186,0,1
2,0,530.9149546,1,0
2,1,847.8369744,1,0
2,1,962.9611637,1,0
2,1,772.7383877,1,0
2,1,605.078382,1,0
2,0,906.029927,0,0
2,0,699.4909085,0,0
2,1,987.5312177,1,0
2,1,615.3049329,0,0
2,0,988.0116709,1,1
2,0,721.4006842,0,0
2,1,759.8242742,1,1
2,0,822.0658695,1,1
2,1,948.7124559,0,1
2,0,991.9900377,0,1
2,1,615.379139,0,0
2,1,728.7778414,0,1
2,1,942.8040808,1,0
2,0,983.9788306,0,0
2,1,955.2170377,0,1
2,1,608.4650538,0,0
2,0,578.4692364,0,0
2,1,781.3667552,0,1
2,0,862.554009,1,1
2,1,804.9547883,0,0
2,1,643.008081,1,0
2,1,922.1150565,0,1
2,0,556.8424866,1,1
2,1,880.157912,0,0
2,0,835.2071819,1,0
2,0,900.5300175,1,1
2,1,993.9104345,1,0
2,0,582.6065074,1,1
2,0,693.3407758,0,1
2,1,575.8360926,1,1
2,1,528.4628043,0,1
2,1,546.8138277,0,1
2,1,780.9200712,1,1
2,0,833.1842314,1,1
2,1,565.9507013,0,0
2,1,894.8610997,1,0
2,1,608.9055794,0,0
2,0,979.4290881,1,0
2,0,754.5202656,1,1
2,0,684.3895127,0,1
2,0,962.8866195,0,0
2,0,668.0888462,0,1
2,0,698.2738292,0,0
2,0,815.4281569,1,1
2,0,620.9769797,1,1
2,1,987.292876,1,0
2,0,735.7820926,1,1
2,1,829.1802717,1,1
2,1,928.0022458,0,0
2,0,986.8695173,0,0
2,0,980.032836,0,1
2,0,922.1398056,1,0
2,0,880.6468748,0,0
2,0,765.1583834,1,1
2,0,857.7565524,0,1
2,1,648.1124897,0,0
2,0,509.9509532,1,1
2,0,872.1596449,0,1
2,0,569.0301058,1,1
2,1,572.0341774,0,1
2,1,956.6005908,1,0
2,1,982.3678584,0,0
2,1,845.8659355,0,1
2,0,998.92727,1,1
2,1,734.037958,0,0
2,0,640.3529607,0,0
2,0,724.2767334,0,0
2,0,671.0556621,0,0
2,1,790.2358002,0,0
2,0,795.2137678,1,0
2,1,693.1580138,0,1
2,1,615.4538741,0,1
2,1,895.4185571,0,1
2,1,852.9263565,1,1
2,1,547.2707617,0,0
2,1,607.5980162,1,1
2,1,738.5993285,0,0
2,1,947.4022352,0,1
2,1,555.8228211,1,0
2,0,801.8955806,0,1
2,0,650.0562032,1,1
2,0,897.5267045,0,0
2,1,556.8770589,1,1
2,0,591.3887308,0,0
2,1,947.5458969,0,1
2,0,964.3923095,0,1
2,1,884.5163729,0,1
2,1,775.5184878,0,0
2,0,847.7397226,1,0
2,0,931.0939423,1,1
2,0,905.9814716,0,0
2,1,749.8467323,1,0
2,0,718.0363185,1,0
2,0,585.1011107,0,1
2,1,955.901574,0,1
2,1,700.9439294,0,1
2,1,753.6560757,1,1
2,1,672.2853189,0,1
2,1,642.0459105,1,0
2,1,660.7809975,1,1
2,1,512.1445144,1,0
2,1,543.283307,1,1
2,1,792.3409879,1,1
2,0,504.5226338,1,0
2,1,723.6645168,0,0
2,1,859.5021516,1,1
2,0,932.6111991,0,0
2,0,946.2644117,1,0
2,1,883.1813801,1,0
2,1,589.4378553,0,1
2,0,938.7490987,1,1
2,1,882.6859748,0,0
2,0,542.673028,0,0
2,0,594.8590537,1,0
2,0,523.3909242,0,0
2,0,901.1822112,1,1
2,1,949.1898565,1,1
2,0,874.7323698,0,1
2,1,871.5239109,0,1
2,0,573.3611603,0,1
2,1,513.836407,1,1
2,1,541.5834881,0,1
2,1,970.7071022,0,1
2,0,716.2623701,0,1
3,1,861.5595391,0,1
3,0,903.9791494,0,0
3,1,590.5814657,0,1
3,0,636.62984,1,1
3,1,806.5698304,0,1
3,1,512.0453727,0,0
3,1,686.6277493,0,0
3,0,805.2755036,0,0
3,1,537.3270988,1,0
3,0,900.5485086,0,0
3,1,981.0807165,1,0
3,1,596.5388139,1,1
3,1,978.1319465,1,1
3,1,542.7489113,0,1
3,1,885.6415683,0,0
3,1,978.9264818,1,0
3,0,911.3025791,0,1
3,1,998.0377442,0,0
3,0,897.2944475,1,1
3,1,746.2239907,1,1
3,1,584.6169783,1,1
3,0,582.1594856,1,0
3,0,608.5965206,1,0
3,0,532.7115557,0,0
3,1,547.7530062,0,0
3,0,575.0285372,0,0
3,1,718.1273821,1,0
3,0,537.393637,0,1
3,1,552.7622187,1,0
3,1,784.1568384,1,0
3,0,823.8739651,1,0
3,0,586.1946984,1,1
3,1,957.0683761,1,0
3,1,614.9719031,0,0
3,1,678.6942958,0,1
3,0,556.6982206,1,1
3,0,575.1353872,0,1
3,0,765.678105,1,0
3,1,721.8357112,1,1
3,1,911.0323947,1,0
3,1,580.910849,1,0
3,1,981.4429835,1,0
3,1,554.8714376,0,1
3,1,577.4488234,1,0
3,0,620.9372188,0,1
3,1,990.4898075,0,1
3,1,775.5013658,1,0
3,1,650.6029627,0,1
3,1,771.2877871,1,0
3,1,507.4598385,1,1
3,0,891.5642076,1,0
3,1,714.4801041,1,1
3,0,559.368657,0,0
3,1,657.7233203,1,0
3,0,878.5001031,1,1
3,1,987.2237437,1,0
3,0,752.7802903,1,1
3,0,738.3813568,0,0
3,1,782.5083182,0,1
3,1,806.5138879,1,1
3,0,889.8293296,1,0
3,0,725.9192115,1,1
3,1,838.6706761,1,0
3,1,653.9483441,1,0
3,0,830.326437,0,1
3,0,870.3620064,1,0
3,0,743.6919678,1,1
3,1,619.9798254,1,1
3,0,824.8477427,1,1
3,1,622.2372766,0,1
3,0,851.6396609,0,1
3,0,886.8109555,0,0
3,1,817.5544101,1,0
3,0,613.4232678,0,1
3,1,830.2801346,1,0
3,0,533.3478877,1,1
3,1,958.4920584,0,1
3,1,515.5069761,0,0
3,1,816.6060657,1,1
3,1,628.3507335,1,0
3,1,841.5599319,1,0
3,0,848.9163737,1,1
3,1,838.0394894,0,0
3,1,971.8487009,1,0
3,0,612.9654906,0,1
3,0,893.6027712,0,0
3,1,589.8642032,1,1
3,0,548.6329309,0,1
3,0,795.0328049,1,0
3,0,682.5306674,1,0
3,1,716.3408533,0,0
3,1,632.4570078,1,1
3,1,658.2272577,0,1
3,0,667.6167978,1,0
3,0,940.8118228,1,0
3,0,580.4406947,0,1
3,1,624.8426443,1,0
3,1,738.8115584,1,1
3,0,500.8830697,1,0
3,1,902.011329,0,1
3,0,653.2773938,1,0
3,1,696.4713626,1,1
3,1,611.5993545,1,0
3,1,700.3400129,0,1
3,1,622.9368754,1,1
3,0,905.1352255,0,1
3,0,728.1261637,0,1
3,0,916.6856409,1,1
3,1,881.3612845,1,1
3,0,540.8397783,1,0
3,0,792.8437289,1,1
3,0,602.267349,0,1
3,1,624.4331721,1,1
3,0,639.5925928,0,1
3,0,891.8372594,1,1
3,1,530.9180187,1,0
3,0,808.4199301,0,1
3,0,854.5698844,1,1
3,0,786.9769562,0,0
3,1,703.3321966,0,1
3,0,540.7661825,1,0
3,0,765.2908832,0,1
3,1,771.9915553,1,0
3,1,717.3875117,1,1
3,0,620.1472105,0,1
3,1,987.2115753,1,0
3,1,913.8154317,1,0
3,1,686.7328232,0,1
3,0,565.3034446,0,1
3,1,563.4893248,1,1
3,0,845.7449653,0,0
3,0,512.1475828,0,0
3,0,702.3909449,0,0
3,0,673.7436529,1,1
3,0,637.4811912,1,1
3,0,862.8933227,0,0
3,1,707.237493,0,0
3,1,526.4136785,1,1
3,0,838.8126009,0,0
3,0,578.9022753,1,0
3,0,709.2176658,0,0
3,1,537.4028012,1,0
3,1,949.2756835,0,1
3,0,695.7721283,0,0
3,0,508.9841471,1,0
3,1,989.4554177,0,0
3,1,819.7397774,0,0
3,1,936.4271741,1,1
3,1,956.5402016,1,0
3,0,824.2109846,0,0
3,1,606.6174549,1,1
3,1,756.3178504,1,0
3,1,691.9895462,0,0
3,1,774.1813652,1,1
3,0,786.6991353,1,1
3,0,613.9926281,0,1
3,0,708.8681338,1,0
3,1,629.0685519,1,0
3,0,713.426566,0,0
3,0,890.7962086,1,1
3,1,970.1132391,1,0
3,1,870.1541067,0,0
3,1,843.8990856,0,0
3,1,930.2395167,1,1
3,1,820.3953705,1,0
3,1,809.7864494,0,1
3,0,581.8696189,0,0
3,0,518.8336248,1,0
3,1,768.061911,0,0
3,0,838.4864515,1,0
3,0,534.0417869,1,0
3,1,946.6522283,0,0
3,1,797.9600423,0,0
3,0,804.5158834,0,0
3,0,767.2785848,1,0
3,0,779.0706757,0,0
3,1,549.676876,1,1
3,0,733.4471491,1,1
3,0,901.6359934,1,0
3,0,543.0650614,0,1
3,0,748.859266,0,0
3,0,559.7084301,0,0
3,1,769.9343062,1,1
3,1,637.3952395,1,1
3,0,983.3108614,0,1
3,0,913.8368488,0,0
3,0,502.4218233,1,0
3,1,613.7598346,0,0
3,0,614.9984854,1,0
3,1,545.9667893,0,0
3,0,893.3711394,0,0
3,1,786.7311739,1,1
3,0,934.4832728,0,0
3,0,906.5488241,1,1
3,1,949.9905489,1,1
3,1,854.6597547,1,0
3,1,614.6233535,0,1
3,1,800.060007,1,0
3,0,646.4370549,1,1
3,1,788.4514821,0,1
3,0,545.406034,1,0
3,0,885.282564,1,0
3,0,604.9894926,0,0
3,1,998.9236208,1,0
3,1,720.2567201,1,1
3,0,788.859482,1,1
3,1,514.9710868,0,0
3,0,813.3653024,0,0
3,0,877.6481806,1,1
3,1,662.1267176,0,1
3,0,627.6398603,1,1
3,1,780.6568439,0,0
3,1,922.8450812,1,1
3,1,988.9854804,0,1
3,1,666.7214689,0,1
3,0,770.4400877,0,0
3,0,766.1685194,1,1
3,0,763.2639617,1,0
3,1,887.9924789,0,1
3,1,657.7930634,1,1
3,0,503.7408191,0,0
3,1,965.5770239,0,0
3,1,947.0193239,0,0
3,1,745.2247037,1,0
3,0,544.3215575,0,0
3,1,818.7920203,0,0
3,1,779.1797075,0,0
3,0,903.6400985,0,0
3,0,651.5756101,1,1
3,1,519.8360367,0,0
3,0,931.3367006,1,1
3,1,944.4282277,0,1
3,1,530.5284492,1,0
3,1,887.9965562,1,0
3,1,982.8261583,1,1
3,1,634.9667036,0,0
3,1,592.5985682,0,0
3,0,894.9046206,0,0
3,0,537.9283765,1,1
3,1,935.8115908,0,1
3,0,546.5143831,0,1
3,1,760.907751,1,0
3,0,949.2744424,1,0
3,0,507.6211875,1,0
3,1,554.0898097,1,1
3,1,652.4566774,1,1
3,1,859.8530595,1,1
3,1,584.2927341,1,1
3,1,755.6229331,0,0
3,1,545.560872,0,1
3,0,727.2847348,1,0
3,0,611.2686544,0,0
3,1,729.2366276,0,1
3,0,695.1429196,1,0
3,0,835.7228141,1,0
3,1,645.160292,1,1
3,1,626.1524932,0,0
3,0,840.8294572,0,0
3,0,660.0482439,1,1
3,0,537.4152853,1,1
3,0,809.8041708,0,0
3,0,622.7692593,1,0
3,1,929.5797818,0,0
3,0,671.8526189,1,1
3,1,799.0759065,0,1
3,0,677.5709844,1,0
3,0,566.9850429,0,0
3,0,785.2317375,0,1
3,0,780.3521167,0,0
3,1,591.4992156,1,1
3,0,760.738953,0,0
3,1,582.8209386,0,0
3,1,845.6631982,1,1
3,0,849.7712975,1,1
3,0,925.0141071,1,1
3,1,916.6998472,0,0
3,0,952.9749779,1,1
3,1,508.077566,0,1
3,1,507.8165187,0,0
3,1,712.0675749,0,0
3,0,772.5160059,1,1
3,0,650.9179908,1,1
3,0,850.3684504,1,0
3,0,787.3583138,0,1
3,0,969.0860723,1,0
3,0,751.8945926,0,0
3,0,524.2464357,0,1
3,1,708.1354294,0,1
3,1,786.9714855,1,1
3,1,943.474437,1,1
3,1,794.077283,1,0
3,1,814.5096578,0,0
3,1,879.6410262,0,0
3,1,996.5874526,1,1
3,0,689.555829,1,0
3,0,751.7996385,1,0
3,0,671.0982772,0,0
3,0,631.8624137,0,0
3,1,559.961125,0,0
3,0,569.690098,1,1
3,1,800.6678439,1,1
3,1,846.4001308,1,1
3,1,646.0496977,1,1
3,1,578.4324895,0,0
3,0,779.7580429,0,1
3,0,799.6005782,1,1
3,1,517.5430523,1,1
3,0,515.3402368,1,1
3,0,874.3363569,0,0
3,1,750.5927524,1,1
3,1,524.2791843,1,1
3,0,757.322614,0,1
3,0,941.8980417,0,0
3,1,681.4218874,1,0
3,0,798.1177016,0,1
3,0,980.7054484,0,1
3,0,768.2221579,1,1
3,0,977.0739089,0,1
3,0,570.9524745,1,0
3,1,999.239279,1,0
3,1,872.4834827,0,1
3,0,935.9227624,1,1
3,0,928.4364724,1,1
3,0,506.5300381,1,1
3,1,596.4450996,0,0
3,0,801.5318873,1,1
3,1,837.9032973,0,1
3,1,752.24539,1,1
3,0,555.074298,0,0
3,0,852.1660518,0,1
3,0,786.1089507,0,1
3,0,691.2081867,0,0
3,0,993.4681554,0,0
3,1,590.9559337,1,0
3,0,721.0764194,0,0
3,0,814.6055664,1,1
3,0,743.4601694,1,1
3,0,862.169268,0,0
3,1,631.6479229,1,1
3,1,730.8432433,0,1
3,1,746.9281496,1,1
3,1,969.8716329,0,0
3,0,770.1465433,1,1
3,1,678.5574147,0,0
3,1,669.8246575,0,1
3,0,959.3599315,1,0
3,1,808.1807765,0,0
3,1,703.4683635,0,1
3,0,576.4593556,1,1
3,0,917.0689971,0,1
3,0,517.7806002,0,0
3,0,990.764879,1,1
3,1,877.9742276,0,1
3,1,828.2895524,1,0
3,1,611.6044735,1,1
3,1,560.2722763,0,1
3,0,703.147771,0,1
3,0,713.2215731,0,1
3,0,666.1745148,1,0
3,1,794.8306092,1,0
3,0,900.56058,1,0
3,1,701.2045324,1,1
3,0,936.1960633,0,1
3,0,681.312097,1,0
3,0,818.0075299,1,0
3,0,648.0723147,0,0
3,0,978.7675849,0,1
3,1,544.9888216,0,1
3,0,613.9883934,1,1
3,1,679.6682665,1,0
3,1,887.3711913,0,0
3,1,695.5038498,0,0
3,1,980.4884646,1,0
3,0,811.0016626,0,0
3,0,903.5513553,0,1
3,0,928.6102221,0,0
3,0,703.8037889,1,0
3,0,981.288769,1,1
3,1,531.5249798,1,0
3,0,575.8649901,0,1
3,1,585.601248,0,1
3,1,632.619796,0,0
3,1,566.8718436,1,1
3,0,740.5174157,1,0
3,0,532.4747869,0,0
3,1,901.6956147,0,1
3,1,603.9254719,1,0
3,1,554.1316361,1,1
3,1,919.1345063,1,1
3,1,902.9015255,0,0
3,0,845.3129396,1,1
3,1,960.8040317,0,1
3,1,921.4573253,0,1
3,0,775.1668515,1,0
3,0,559.8253416,1,0
3,0,642.9866929,1,0
3,0,608.1337916,1,0
3,1,719.3273239,1,0
3,0,592.4103471,0,0
3,1,597.2949729,0,0
3,0,866.3484388,1,0
3,1,514.9145133,0,1
3,0,988.7634681,0,0
3,0,657.4917984,1,0
3,0,876.6097776,0,1
3,1,527.4021949,0,1
3,1,832.5132813,1,0
3,0,749.1787436,1,1
3,0,638.7677461,0,1
3,1,926.7615847,1,1
3,1,938.6651723,1,1
3,0,960.5868957,1,0
3,0,883.3987344,0,0
3,1,865.3832568,1,1
3,1,796.175903,0,0
3,1,623.6126594,0,0
3,1,528.571942,1,1
3,0,528.6262807,1,0
3,0,729.2545227,1,1
3,0,503.5021867,0,1
3,1,614.4220725,0,0
3,0,887.6732759,0,0
3,1,798.0971878,1,0
3,0,704.0354415,1,0
3,0,844.3248868,1,0
3,0,808.1825291,1,0
3,0,973.8461758,0,0
3,0,701.9583863,1,1
3,1,741.1617367,0,0
3,0,941.583734,0,0
3,1,978.9466929,1,1
3,0,821.9495866,1,1
3,1,557.822116,1,1
3,0,931.1860472,1,0
3,1,887.9418972,0,0
3,1,977.6331109,1,0
3,1,783.0983443,0,1
3,0,505.5278521,0,0
3,1,581.8984986,1,0
3,0,798.294392,1,0
3,0,598.5011013,1,1
3,0,519.8077443,0,0
3,0,728.1300159,0,1
3,0,573.9645381,1,0
3,0,802.1468773,0,1
3,0,953.4296684,1,0
3,1,916.039002,0,0
3,1,978.8903553,1,1
3,1,666.0492847,1,1
3,0,922.967671,1,0
3,0,792.3258733,0,0
3,0,767.2129203,1,0
3,1,686.0670673,1,1
3,0,953.7068061,0,1
3,1,513.0254456,0,1
3,0,961.9593282,0,0
3,1,564.5257259,0,1
3,1,583.0892144,1,0
3,0,717.1229362,1,1
3,1,915.3099783,0,0
3,0,917.1527353,1,1
3,0,527.0922148,0,0
3,0,561.7255913,0,1
3,1,537.838014,0,0
3,1,923.1415939,0,1
3,1,737.412063,1,0
3,0,816.8854875,0,1
3,0,918.7915058,0,1
3,1,754.0132839,1,0
3,1,636.7590569,1,0
3,0,847.2835395,1,0
3,1,669.718918,1,0
3,1,807.02883,1,0
3,0,709.4234694,0,0
3,0,910.2472087,1,0
3,1,771.1881898,0,0
3,1,612.6117152,0,1
3,0,587.5212262,1,1
3,0,752.6059297,1,0
3,1,973.0025421,1,0
3,0,703.8168237,1,0
3,1,618.544079,1,0
3,1,525.6796669,1,0
3,1,517.4706428,1,0
3,1,529.9578551,1,0
3,1,927.8448965,0,0
3,1,536.3164815,1,0
3,1,755.0449581,1,0
3,1,510.3867203,1,0
3,1,846.7580326,0,0
3,1,563.0407378,1,0
3,1,791.1028086,0,0
3,1,555.0943133,1,1
3,1,649.4427813,1,1
3,1,623.909816,0,0
3,1,819.5977239,0,1
3,1,804.4201251,0,1
3,1,660.3641177,1,1
3,1,526.0825782,1,0
3,1,701.0084403,0,1
3,1,505.2830535,1,1
3,1,706.3490134,0,0
3,1,705.8517297,1,1
3,1,748.0753823,0,0
3,1,627.9511893,1,1
3,1,890.312854,1,0
3,1,544.3253175,0,0
3,1,999.5227093,1,0
3,1,760.5213842,0,1
3,1,579.9552268,1,0
3,1,756.20328,1,1
3,1,752.0557322,0,1
3,1,551.3948638,0,0
3,1,624.7565901,0,0
3,1,680.2285736,1,1
3,1,657.5766105,0,1
3,1,979.7480619,0,0
3,1,961.2422441,0,1
3,1,850.6695816,1,0
3,1,958.8580111,1,1
3,1,545.8822817,0,0
3,1,929.5521573,0,0
3,1,674.6711684,1,0
3,1,748.8498677,1,0
3,1,942.3311343,1,1
3,1,704.0840338,0,1
3,1,832.3392512,1,0
3,1,588.5437532,1,1
3,1,656.131106,1,0
3,1,819.9094428,1,1
3,1,836.9393754,1,1
3,1,827.5232225,0,1
3,1,904.5713696,1,1
3,1,595.9712732,0,1
3,1,990.2676116,1,1
3,1,800.2672842,0,0
3,1,705.8542531,0,0
3,1,961.9738883,0,1
3,1,656.0369406,1,1
3,1,982.9040787,0,1
3,1,596.9994802,0,0
3,1,935.0936746,0,1
3,1,776.0359757,0,0
3,1,831.3802549,1,0
3,1,620.4908172,1,1
3,1,623.3349725,1,0
3,1,855.1018405,1,0
3,1,595.5654582,1,0
3,1,814.9716862,1,0
3,1,860.9282356,0,0
3,1,713.7330393,1,0
3,1,535.5264883,0,1
3,1,695.1200435,0,1
3,1,616.0766391,1,0
3,1,675.8334126,1,0
3,1,747.6065932,1,1
3,1,584.6174146,0,0
3,1,625.0760908,0,0
3,1,658.5430514,1,1
3,1,897.2342915,1,1
3,1,648.5866278,1,0
3,1,741.6647457,1,1
3,1,608.0711425,1,0
3,1,831.0682044,1,0
3,1,828.5706337,1,1
3,1,640.9035399,1,0
3,1,776.2654862,1,0
3,1,961.2999128,0,1
3,1,935.8380168,1,0
3,1,982.2025229,1,0
3,1,855.8042952,0,0
3,1,897.1440584,1,1
3,1,852.551139,1,1
3,1,773.1543154,1,1
3,1,967.0855136,1,1
3,1,715.9547743,0,0
3,1,867.942907,0,1
3,1,707.3482552,0,1
3,1,824.3616031,1,1
3,1,663.3367882,1,1
3,1,617.7587488,0,0
3,1,515.3099588,1,1
3,1,745.6746274,0,0
3,1,710.7999887,0,0
3,1,970.3264327,0,0
3,1,738.5913475,0,0
3,1,826.7942075,0,0
3,1,795.4042478,1,0
3,1,972.3541107,0,1
3,1,786.2862215,1,1
3,1,761.061845,1,0
3,1,528.7476659,1,1
3,1,831.0142271,1,1
3,1,639.4708992,1,1
3,1,592.2419035,0,1
3,1,979.9800836,0,1
3,1,625.9981502,1,0
3,1,659.8184943,0,0
3,1,761.886945,1,0
3,1,956.6268187,1,1
3,1,666.1282837,1,1
3,1,968.2949758,1,1
3,1,528.4590287,0,0
3,1,650.784198,0,1
3,1,771.8250657,0,1
3,1,942.1858759,1,1
3,1,656.9912957,0,0
3,1,580.1771109,1,0
3,1,515.9925422,0,0
3,1,720.9115638,0,1
3,1,668.4513912,0,1
3,1,704.059658,0,1
3,1,545.3608288,0,1
3,1,549.9024467,1,0
3,1,520.533411,0,0
3,1,812.9434298,1,1
3,1,510.0888796,1,0
3,1,627.2848849,1,0
3,1,675.0376642,0,1
3,1,573.086069,0,0
3,1,859.5122345,1,1
3,1,657.7466124,1,0
3,1,562.1209642,1,1
3,1,733.4745445,1,0
3,1,930.7576757,0,1
3,1,966.0105759,0,1
3,1,779.7768945,0,1
3,1,580.9032139,0,0
3,1,716.832334,1,1
3,1,951.0401536,0,1
3,1,819.2966653,0,1
3,1,633.4188531,0,1
3,1,861.1069838,0,0
3,1,813.5540286,0,0
3,1,870.9253496,0,0
3,1,963.7009338,1,0
3,1,614.0256499,0,1
3,1,790.6433754,1,0
3,1,566.81647,1,1
3,1,671.2403993,0,0
3,1,682.6829521,1,1
3,1,814.287732,1,1
3,1,718.9122175,1,1
3,1,717.4497279,1,1
3,1,778.6592551,1,0
3,1,658.0163556,1,0
3,1,707.1535145,1,1
3,1,952.414808,1,1
3,1,825.3164061,0,0
3,1,921.1908246,1,0
3,1,956.1007512,0,0
3,1,788.2010263,0,1
3,1,981.7750806,1,0
3,1,675.6415987,1,1
3,1,518.3189556,0,1
3,1,700.5532377,0,0
3,1,924.5278178,0,1
3,1,836.811721,1,0
3,1,956.1907362,1,0
3,1,802.1564029,1,1
3,1,701.7147522,1,1
3,1,795.4345,0,0
3,1,665.8817234,1,1
3,1,715.9834777,1,1
3,1,936.7313678,1,1
3,1,531.8499822,1,0
3,1,965.2517962,0,1
3,1,981.8384847,0,1
3,1,985.8826866,0,0
3,1,876.2775354,1,1
3,1,777.7902844,0,0
3,1,621.6179336,1,0
3,1,942.3472975,1,0
3,1,558.6882714,1,1
3,1,872.8792981,0,0
3,1,583.2963949,1,1
3,1,834.9994058,1,0
3,1,956.8500511,1,1
3,1,872.6334823,1,0
3,1,740.1207075,1,0
3,1,656.9420247,0,1
3,1,788.565453,0,1
3,1,622.1415933,1,0
3,1,639.5920309,0,1
3,1,800.0922878,0,0
3,1,815.5645039,0,1
3,1,928.6990931,0,1
3,1,531.3797228,1,0
3,1,806.8101322,0,0
3,1,946.6777962,1,1
3,1,663.5377757,0,1
3,1,732.9316863,0,1
3,1,509.1341342,0,1
3,1,883.0487892,0,0
3,1,963.9403274,1,0
3,1,809.4323908,0,0
3,1,725.8170414,0,1
3,1,661.4644813,1,1
3,1,598.3099713,1,0
3,1,668.0904391,1,1
3,1,560.2197162,0,1
3,1,553.0414684,1,1
3,1,883.7727768,1,1
3,1,594.0442525,1,0
3,1,702.9870449,1,1
3,1,594.5577444,1,0
3,1,534.3244141,0,0
3,1,721.7995448,1,1
3,1,712.6385176,1,0
3,1,531.4079353,0,1
3,1,710.9096874,1,0
3,1,877.1006557,0,1
3,1,924.7519514,0,1
3,1,984.3099597,0,1
3,1,549.1039164,1,1
3,1,790.7801867,0,1
3,1,508.8159999,1,0
3,1,772.1641176,1,0
3,1,626.4570384,0,0
3,1,593.160078,0,0
3,1,738.3386945,1,0
3,1,792.4427551,0,1
3,1,795.4800918,0,1
3,1,924.1442561,1,1
3,1,549.1194358,0,0
3,1,972.979179,0,0
3,1,867.9817094,1,1
3,1,519.3119245,0,1
3,1,712.6663212,0,0
3,1,664.7248731,1,1
3,1,725.5093488,0,0
3,1,989.7647414,1,1
3,1,856.8857446,0,1
3,1,673.0364539,1,1
3,1,729.658578,1,0
3,1,753.8175923,0,1
3,1,544.4173645,0,1
3,1,763.4387739,1,1
3,1,568.5251013,0,0
3,1,829.5654141,0,1
3,1,973.1378622,1,0
3,1,886.247224,1,0
3,1,803.9908271,1,1
3,1,860.0130786,0,1
3,1,747.0132973,0,1
3,1,849.3482022,1,0
3,1,807.3175042,0,1
3,1,763.2801812,1,0
3,1,556.4789674,0,0
3,1,564.8800504,0,1
3,1,631.2050759,0,1
3,1,528.9572404,1,0
3,1,844.7046672,1,1
3,1,509.9413373,0,0
3,1,504.9048936,1,0
3,1,777.8902148,0,1
3,1,888.3810961,1,0
3,1,852.7886875,0,0
3,1,779.3699419,0,1
3,1,792.9653178,1,1
3,1,556.2124793,1,1
3,1,879.131034,1,0
3,1,887.5996701,0,1
3,1,808.9061261,0,0
3,1,733.7617988,1,0
3,1,526.9954564,0,1
3,1,851.1760778,1,0
3,1,863.8935182,0,1
3,1,590.1370322,0,1
3,1,659.7989457,1,0
3,1,636.065678,0,1
3,1,706.8356128,0,0
3,1,952.1807626,0,1
3,1,828.7910991,0,0
3,1,598.1826154,0,0
3,1,751.9476299,0,0
3,1,944.2855868,1,0
3,1,629.1988749,0,1
3,1,782.6108429,1,0
3,1,947.3277099,1,0
3,1,634.7965085,0,1
3,1,798.1848616,1,1
3,1,688.3848993,1,1
3,1,634.8248239,0,1
3,1,585.0614322,1,0
3,1,504.8086517,1,1
3,1,608.7363706,0,0
3,1,785.4762378,0,0
3,1,529.3782202,0,1
3,1,894.93456,1,1
3,1,838.8377857,0,1
3,1,521.5489122,1,1
3,1,726.407025,0,1
3,1,666.4904894,0,1
3,1,758.2046882,0,1
3,1,680.9530021,0,1
3,1,530.4619033,1,1
3,1,844.4392429,0,1
3,1,953.7381814,0,1
3,1,899.4205782,0,1
3,1,663.1125746,0,1
3,1,645.5133854,0,1
3,1,853.1467608,0,1
3,1,902.4155326,1,0
3,1,981.1122828,0,0
3,1,903.6241028,0,1
3,1,516.5215539,1,0
3,1,766.1736993,0,0
3,1,789.8314872,1,1
3,1,600.2937016,0,0
3,1,747.4271929,0,0
3,1,559.1205161,1,1
3,1,534.7402979,0,1
3,1,646.1954681,1,1
3,1,747.953989,0,0
3,1,709.1498408,0,0
3,1,520.1854959,0,0
3,1,898.0657427,1,0
3,1,623.9316466,1,0
3,1,611.7039671,0,0
3,1,961.4946526,1,1
3,1,818.8420375,0,1
3,1,700.8136227,0,1
3,1,597.304498,0,0
3,1,746.5075619,1,1
3,1,501.0014451,0,0
3,1,979.1661516,0,0
3,1,761.7947431,0,1
3,1,940.1402194,0,1
3,1,799.1860835,0,1
3,1,796.9556529,0,1
3,1,871.0917175,1,0
3,1,703.3838125,0,1
3,1,705.6582873,0,1
3,1,679.4065327,0,0
3,1,606.4829558,0,0
3,1,920.0794188,1,0
3,1,764.8305888,0,1
3,1,811.1905843,0,1
3,1,792.6433806,0,1
3,1,856.5521858,0,0
3,1,526.1438265,0,1
3,1,795.9743002,0,1
3,1,791.5298931,0,1
3,1,961.2071768,0,0
3,1,922.6556026,1,0
3,1,816.6959298,1,0
3,1,738.6442199,0,0
3,1,995.1593856,0,0
