<?xml version="1.0" encoding="UTF-8"?>
<metadata xml:lang="en"><Esri><CreaDate>20130624</CreaDate><CreaTime>21244600</CreaTime><ArcGISFormat>1.0</ArcGISFormat><SyncOnce>TRUE</SyncOnce><DataProperties><lineage><Process ToolSource="c:\program files (x86)\arcgis\desktop10.1\ArcToolbox\Toolboxes\Conversion Tools.tbx\PolygonToRaster" Date="20130624" Time="212446">PolygonToRaster PA_Counties CountyPop1 "C:\Users\pavel\Dropbox\Documents\Work and School\Teaching\MUSA Spatial Stats\Point Pattern Analysis\Pennsylvania Hospitals\popraster" CELL_CENTER NONE 1200</Process></lineage></DataProperties></Esri></metadata>
