POLY_ID,AREAKEY,MEDHVAL,PCTBACHMOR,MEDHHINC,PCTVACANT,PCTSINGLES,NBELPOV100
1,4.2101E+11,225000,64.4737,49107,13.2075,11.3208,0
2,4.2101E+11,181900,78.7805,46304,0,0,25
3,4.2101E+11,225000,45,26875,0,42.8571,14
4,4.2101E+11,113600,64.3564,49375,7.75,0,70
5,4.2101E+11,126200,13.069,9432,9.7387,0,473
6,4.2101E+11,55000,32.6087,2499,0,0,113
7,4.2101E+11,194400,63.5319,47143,12.9228,3.3825,139
8,4.2101E+11,43800,43.7323,31981,9.2357,0,356
9,4.2101E+11,45000,38.3754,11923,8.6165,0,310
10,4.2101E+11,450000,27.0655,10515,24.3671,0,261
11,4.2101E+11,225000,71.5566,41563,16.7732,0,176
12,4.2101E+11,225000,61.8785,45556,17.8161,6.3218,10
13,4.2101E+11,58300,58.6667,33550,6.8293,0,287
14,4.2101E+11,153700,81.0284,30511,6.6358,3.3951,157
15,4.2101E+11,120900,75.2469,44890,5.419,0,229
16,4.2101E+11,394400,86.6038,37765,10.3448,1.6799,328
17,4.2101E+11,233300,73.671,47346,8.874,0.8203,198
18,4.2101E+11,258500,84.4459,35682,5.3435,0.6246,288
19,4.2101E+11,328900,70.3463,34904,0,5.7851,63
20,4.2101E+11,318800,92.987,60385,7.5284,1.2784,112
21,4.2101E+11,295300,42.7329,14932,0,0,268
22,4.2101E+11,139300,77.7457,19129,11.0254,0.882,472
23,4.2101E+11,164100,69.2308,25729,12.8319,0.9956,282
24,4.2101E+11,162500,54.1056,20717,0,0,413
25,4.2101E+11,293200,58.481,117991,11.8081,2.214,0
26,4.2101E+11,215100,75.043,52070,0.3641,1.9417,97
27,4.2101E+11,185200,74.5604,64013,4.8872,0.5263,139
28,4.2101E+11,313500,78.6805,87819,9.2798,2.1468,134
29,4.2101E+11,265000,88.1356,41133,9.2643,3.2698,67
30,4.2101E+11,200000,76.3092,68333,3.7453,0,21
31,4.2101E+11,155800,46.9136,21771,4.1284,2.7523,280
32,4.2101E+11,109700,59.8198,33182,8.8421,2.1053,173
33,4.2101E+11,164400,63.7097,37578,0,6.326,121
34,4.2101E+11,211300,60.8059,38382,12.5954,0,24
35,4.2101E+11,239200,58.0524,43654,0,0,125
36,4.2101E+11,162500,70.767,35714,7.4664,0,268
37,4.2101E+11,144600,50.2381,31216,6.9364,6.0694,96
38,4.2101E+11,189000,87.2642,35882,6.5156,5.3824,195
39,4.2101E+11,229200,69.1235,40489,5.7906,0,70
40,4.2101E+11,264000,78.629,46964,4.8443,3.9792,109
41,4.2101E+11,258700,74.8993,53947,4.7525,8.1188,56
42,4.2101E+11,250500,80.776,74010,2.3438,5.2083,50
43,4.2101E+11,504200,73.4778,51858,3.9841,2.2576,138
44,4.2101E+11,444600,84.2805,39778,16.8208,0.578,215
45,4.2101E+11,89400,41.0169,32955,9.9526,6.1611,149
46,4.2101E+11,67100,20.4188,28750,17.5403,9.6774,313
47,4.2101E+11,40700,7.4163,21492,12.8378,4.7297,175
48,4.2101E+11,49000,7.5209,14038,10.6122,13.8776,232
49,4.2101E+11,45000,0,21413,23.913,14.1304,0
50,4.2101E+11,53500,14.4231,22857,15.9722,11.8056,75
51,4.2101E+11,132100,43.6214,26394,11.5385,4.3956,91
52,4.2101E+11,84400,14.3137,31563,17.3171,1.9512,106
53,4.2101E+11,59100,6.6,10346,20.3593,0,318
54,4.2101E+11,89200,10.6838,65272,20.2532,0,94
55,4.2101E+11,98000,56.9721,45250,7.8512,4.5455,98
56,4.2101E+11,66200,31.3433,29375,15.812,12.3932,81
57,4.2101E+11,83000,44.2561,31722,13.278,4.5643,119
58,4.2101E+11,111500,36.1765,27418,13.4565,2.6385,53
59,4.2101E+11,107400,42.9967,20250,18.1452,4.4355,128
60,4.2101E+11,162500,56.8075,50260,11.4688,4.829,66
61,4.2101E+11,203900,73.7401,40625,3.9216,1.3072,35
62,4.2101E+11,128400,35.2332,34050,7.8652,11.236,85
63,4.2101E+11,47500,17.0732,19519,23.5,3.5,108
64,4.2101E+11,225000,70.1456,50781,3.9604,2.3102,22
65,4.2101E+11,170800,67.3575,51705,7.0724,5.4276,158
66,4.2101E+11,160000,35.8543,44911,20.8696,4.3478,47
67,4.2101E+11,150000,65.3422,61250,0,2.6217,56
68,4.2101E+11,187000,67.4183,49643,5.891,5.3019,157
69,4.2101E+11,157200,59.0634,45000,13.0178,0,109
70,4.2101E+11,118000,41.4051,40855,0,0,94
71,4.2101E+11,93400,45.4082,39784,10.9272,2.649,114
72,4.2101E+11,89600,46.4037,36250,10.1818,2.9091,44
73,4.2101E+11,59200,31.6583,23289,8.6667,10.6667,16
74,4.2101E+11,28600,19.0476,30833,20.155,10.0775,48
75,4.2101E+11,225000,7.2464,22109,33.0357,16.9643,71
76,4.2101E+11,33200,3.1546,16696,20.8178,12.2677,173
77,4.2101E+11,45000,13.4715,25777,18.6667,12.6667,83
78,4.2101E+11,45400,6.7485,25179,24.8227,8.5106,98
79,4.2101E+11,62900,7.3718,21550,16.7224,6.3545,224
80,4.2101E+11,52400,19.4748,31467,28.1395,3.7209,222
81,4.2101E+11,29700,8.4034,21083,14.1935,12.9032,65
82,4.2101E+11,23900,0,24750,12.3077,0,45
83,4.2101E+11,25300,4.0541,17429,23.7354,21.0117,309
84,4.2101E+11,25500,2.1368,22115,13.6905,0,197
85,4.2101E+11,21900,0,17386,22.0183,5.0459,177
86,4.2101E+11,33100,10.8108,28017,20.8333,5.2083,68
87,4.2101E+11,22800,6.9106,19375,26.9076,3.6145,216
88,4.2101E+11,25200,10.8808,14922,22.0217,11.5523,168
89,4.2101E+11,41400,3.4483,27857,11.2903,0,59
90,4.2101E+11,29000,1.8561,21121,25.6098,0.9146,179
91,4.2101E+11,47100,25.0489,40778,13.4518,0,149
92,4.2101E+11,60000,10,16528,27.0903,0,156
93,4.2101E+11,18700,5.6452,22132,34.7656,2.7344,153
94,4.2101E+11,22800,15.2174,31250,19.5556,8.4444,136
95,4.2101E+11,69900,12.3746,29412,16.2791,9.7674,7
96,4.2101E+11,60000,28.2828,31731,5.1282,5.1282,127
97,4.2101E+11,48200,18.1395,26167,14.1509,5.6604,214
98,4.2101E+11,77200,39.946,37431,12.8514,6.6265,200
99,4.2101E+11,83500,42.2259,37500,6.6176,3.4314,44
100,4.2101E+11,73600,35.873,43214,21.2245,10.6122,41
101,4.2101E+11,62100,13.6207,28269,4.1534,9.2652,212
102,4.2101E+11,73800,27.9915,33750,4.7619,10.4167,166
103,4.2101E+11,63600,19.4836,33021,9.7744,17.2932,21
104,4.2101E+11,60900,16.5217,21420,33.125,0,120
105,4.2101E+11,52100,20.3636,26000,32.1168,11.6788,127
106,4.2101E+11,89400,33.4218,42098,17.5549,0,31
107,4.2101E+11,91000,37.8261,59107,10.8571,16.5714,11
108,4.2101E+11,90200,31.2775,42969,0,10.274,94
109,4.2101E+11,50800,15.3101,27794,15.4494,3.6517,207
110,4.2101E+11,76300,18.2979,29028,17.4847,13.4969,280
111,4.2101E+11,73500,23.2117,16277,22.292,6.4364,412
112,4.2101E+11,75000,5.1887,45433,0,4.7619,36
113,4.2101E+11,53000,10.9792,35000,12.6609,5.1502,216
114,4.2101E+11,64100,17.5559,14821,9.5477,8.5427,183
115,4.2101E+11,32800,7.1082,28365,27.6803,3.3138,462
116,4.2101E+11,40900,7.8176,22308,20.0861,3.1564,736
117,4.2101E+11,41000,8.8415,12319,14.6288,0,563
118,4.2101E+11,52200,18.6589,25625,12.9098,0,121
119,4.2101E+11,63100,32.613,49444,5.8496,2.2284,133
120,4.2101E+11,49300,13.7155,19467,8.7894,3.4826,567
121,4.2101E+11,40700,12.1658,28583,20.813,5.6911,469
122,4.2101E+11,37000,10.5053,16310,15.5819,12.6233,529
123,4.2101E+11,44700,1.5221,16027,9.8522,10.5911,203
124,4.2101E+11,64400,8.6902,28352,9.3361,2.0747,282
125,4.2101E+11,61500,10.3586,24875,9.2157,7.2549,146
126,4.2101E+11,53800,7.3418,20167,8.7452,8.7452,397
127,4.2101E+11,48900,3.8737,23656,7.6923,12.8205,240
128,4.2101E+11,53300,14.7727,21364,5.1546,5.6701,115
129,4.2101E+11,52800,15.4574,17619,5.8296,0,126
130,4.2101E+11,47500,22.108,24250,16.2455,4.3321,148
131,4.2101E+11,63600,8.6614,35125,13.0208,0,86
132,4.2101E+11,65800,19.1646,37639,7.2874,0,152
133,4.2101E+11,67800,39.7174,28125,8.8517,2.3923,60
134,4.2101E+11,69800,38.3268,30850,6.25,9.6875,48
135,4.2101E+11,57200,18.2796,27736,6.7568,2.7027,184
136,4.2101E+11,23600,10.6115,17125,16.5116,9.3023,528
137,4.2101E+11,38900,5.6582,29500,18.4746,11.8644,579
138,4.2101E+11,46300,13.8843,19688,11.5625,3.125,155
139,4.2101E+11,33800,12.26,19327,11.6162,18.9394,459
140,4.2101E+11,35100,6.5854,18750,9.4923,5.5188,588
141,4.2101E+11,41300,1.9342,11750,9.375,5.7292,472
142,4.2101E+11,37800,1.4151,32273,24.2667,6.4,175
143,4.2101E+11,25200,6.9583,15875,19.1257,14.7541,365
144,4.2101E+11,24700,0,17135,32.8244,12.9771,166
145,4.2101E+11,35700,0,18977,12.5,5.6452,199
146,4.2101E+11,36700,9.1623,18125,16.9435,13.9535,270
147,4.2101E+11,28100,4.0984,18750,17.3729,2.1186,428
148,4.2101E+11,30300,8.2148,15341,14.128,3.3113,308
149,4.2101E+11,30600,3.5573,19471,28.0488,10.2439,192
150,4.2101E+11,18300,0,14274,30.8901,0,197
151,4.2101E+11,18000,3.2787,19773,24.2105,4.2105,88
152,4.2101E+11,24000,3.4188,16300,21.4932,13.3484,373
153,4.2101E+11,37500,6.3158,16016,16.9884,10.0386,159
154,4.2101E+11,33800,0,11958,18.8776,0,131
155,4.2101E+11,31400,1.2868,35625,10.1449,12.1739,94
156,4.2101E+11,18800,5.868,24609,16.7883,7.2993,107
157,4.2101E+11,31900,1.9608,17378,17.6781,11.6095,367
158,4.2101E+11,23600,8.8542,33125,10.596,20.5298,81
159,4.2101E+11,10600,24.5614,8516,0,42.8571,17
160,4.2101E+11,18900,0,33224,28.8973,3.8023,50
161,4.2101E+11,16200,0,20893,28.1081,2.973,371
162,4.2101E+11,31500,4.0043,24848,9.8315,3.5112,681
163,4.2101E+11,28800,10.9774,31713,10.3226,12.2581,196
164,4.2101E+11,27800,4.685,19352,8.4158,1.9802,424
165,4.2101E+11,25700,5.1429,20089,5,0,27
166,4.2101E+11,19800,6.0847,32656,14.6179,3.9867,238
167,4.2101E+11,13500,0,29821,28.7879,0,31
168,4.2101E+11,20400,0,19702,21.0191,3.1847,105
169,4.2101E+11,22500,6.9444,24722,25.6098,8.5366,24
170,4.2101E+11,19900,0,23750,11.2745,10.7843,156
171,4.2101E+11,37100,4.7101,19063,31.5574,9.4262,140
172,4.2101E+11,12600,4.158,6822,38.9928,4.3165,374
173,4.2101E+11,55700,1.3008,7183,29.1246,7.7441,607
174,4.2101E+11,41500,0,7301,14.3041,6.3144,1088
175,4.2101E+11,53700,27.3523,43512,1.6949,0,14
176,4.2101E+11,52300,0,36705,3.7383,4.6729,10
177,4.2101E+11,60200,19.8276,31786,3.7736,0,11
178,4.2101E+11,44400,6.2176,22404,13.2841,0,498
179,4.2101E+11,34700,5.4517,27625,5.3476,2.139,297
180,4.2101E+11,36400,1.2048,28046,11.7268,5.2835,529
181,4.2101E+11,34000,7.5359,26071,15.27,6.3315,449
182,4.2101E+11,40100,1.5203,23150,17.0561,3.7383,392
183,4.2101E+11,51700,6.2069,27361,5.1786,1.6071,219
184,4.2101E+11,41600,3.2258,23125,6.0656,8.3607,403
185,4.2101E+11,40700,11.7773,31010,4.9057,3.3962,79
186,4.2101E+11,55600,8.0119,35096,5.2752,5.7339,163
187,4.2101E+11,75300,20.5706,42692,3.5264,7.3048,104
188,4.2101E+11,86700,10.6996,26513,2.9221,5.8442,68
189,4.2101E+11,137500,27.3973,68750,0,0,0
190,4.2101E+11,113400,37.7119,50096,0,0,45
191,4.2101E+11,76400,18.2679,50341,5.3864,6.3232,79
192,4.2101E+11,54900,10.1019,20427,11.0644,7.7031,558
193,4.2101E+11,59400,5.4217,31500,7.2674,3.343,235
194,4.2101E+11,60900,24.5913,31296,5.1282,4.0293,221
195,4.2101E+11,40300,11.9122,18859,9.2086,2.8777,431
196,4.2101E+11,67100,9.5193,33594,8.2119,4.9007,185
197,4.2101E+11,73100,8.8623,36442,5.0209,3.3473,129
198,4.2101E+11,83800,15.8022,54276,6.1602,1.4374,90
199,4.2101E+11,83400,7.9292,36201,4.2627,4.3779,197
200,4.2101E+11,59600,15.304,25104,11.1298,9.4435,230
201,4.2101E+11,53100,9.2968,26184,7.5125,0,185
202,4.2101E+11,65500,4.4,25000,5.5866,10.8939,95
203,4.2101E+11,64200,10.6928,29405,13.4216,7.3724,131
204,4.2101E+11,58700,9.9899,37786,4.8387,2.4194,148
205,4.2101E+11,69200,4.2591,26000,5.6213,4.8817,147
206,4.2101E+11,67500,11.7105,27404,7.8212,6.1453,172
207,4.2101E+11,63000,13.3504,29219,3.4908,2.0534,51
208,4.2101E+11,20300,3.7081,13397,23.8245,12.5392,663
209,4.2101E+11,20800,6.6474,20638,20.3252,10.7724,507
210,4.2101E+11,40600,7.3059,27025,10.7988,7.3964,412
211,4.2101E+11,44900,2.4,20286,19.1265,2.1084,470
212,4.2101E+11,26800,4.3165,20504,15.3186,11.5196,894
213,4.2101E+11,42200,4.5564,23800,12.167,8.0817,909
214,4.2101E+11,54200,1.061,23826,3.2751,0,129
215,4.2101E+11,53800,3.0075,25893,9.5159,7.1786,362
216,4.2101E+11,57500,3.5363,38403,0,0,25
217,4.2101E+11,61600,9.1904,30565,9.7633,0,65
218,4.2101E+11,52900,8.6124,32240,10.2535,7.6037,584
219,4.2101E+11,63100,5.3704,31786,13.3663,7.797,333
220,4.2101E+11,58200,12.7193,36087,9.1379,1.5517,186
221,4.2101E+11,52600,3.7946,36346,8.5586,3.6036,295
222,4.2101E+11,49100,1.2061,31453,9.1912,1.4706,148
223,4.2101E+11,60200,10.6419,35104,2.7933,1.676,178
224,4.2101E+11,48200,0,35114,14.7368,45.2632,40
225,4.2101E+11,52100,4.6693,26607,7.1633,5.7307,200
226,4.2101E+11,69200,10.7558,37206,7.8261,3.4783,29
227,4.2101E+11,72100,6.6372,45197,2.5126,1.7588,108
228,4.2101E+11,109500,9.1324,36042,7.2464,9.4203,13
229,4.2101E+11,85200,9.8976,28229,3.2641,10.6825,63
230,4.2101E+11,80700,3.9526,33350,0.627,9.7179,51
231,4.2101E+11,122700,16.5039,45500,1.0791,2.518,44
232,4.2101E+11,136600,18.1087,43029,49.0122,2.54,163
233,4.2101E+11,132900,15.5294,30455,2.6087,0,35
234,4.2101E+11,17500,26.7699,28417,27.9762,0,87
235,4.2101E+11,98300,27.1777,40577,17.6552,12.6897,46
236,4.2101E+11,75200,20.4242,46250,3.1016,1.6043,117
237,4.2101E+11,69800,7.7922,40787,6.1176,23.7647,131
238,4.2101E+11,83700,21.317,31944,6.2016,4.2636,405
239,4.2101E+11,81700,3.9474,25781,0,7.4074,25
240,4.2101E+11,81100,16.0377,28352,0,0,95
241,4.2101E+11,68100,7.6677,13750,0,6.015,466
242,4.2101E+11,59200,7.5552,30793,4.0354,4.9213,346
243,4.2101E+11,43900,6.5041,42917,6.7669,4.8872,62
244,4.2101E+11,47200,18.8953,22500,10.0806,4.4355,144
245,4.2101E+11,42600,19.3333,24844,16.1137,5.2133,183
246,4.2101E+11,40200,1.8595,25930,9.8639,6.4626,198
247,4.2101E+11,96100,13.4041,38472,3.1301,1.318,96
248,4.2101E+11,61000,6.5217,34338,3.9241,6.2025,275
249,4.2101E+11,50300,3.794,32284,3.6946,6.8966,190
250,4.2101E+11,45500,9.2593,30096,7.989,6.3361,137
251,4.2101E+11,44800,8.7398,35278,8.7719,4.0936,219
252,4.2101E+11,44100,10.8384,28819,7.0796,0,150
253,4.2101E+11,45700,7.7951,28889,10.5556,5,194
254,4.2101E+11,37100,1.3793,12750,9.4059,9.4059,352
255,4.2101E+11,36700,4.0476,20625,14.1935,4.8387,242
256,4.2101E+11,36000,3.2787,23313,12.1495,2.8037,348
257,4.2101E+11,35700,7.907,33824,12,18.3333,302
258,4.2101E+11,46800,3.0303,24306,27.3196,7.732,462
259,4.2101E+11,32500,10.929,12266,14.486,11.215,202
260,4.2101E+11,38600,5.137,19118,23.3503,17.2589,143
261,4.2101E+11,36900,14.0523,29219,14.4737,5.9211,518
262,4.2101E+11,37400,10.231,32708,10,20.5,93
263,4.2101E+11,32900,4.0201,15568,12.9032,3.2258,142
264,4.2101E+11,38500,5.2,24722,14.7541,6.5574,122
265,4.2101E+11,40900,4.902,24306,3.5242,13.6564,141
266,4.2101E+11,49700,11.592,30378,9.0909,1.5521,188
267,4.2101E+11,28900,4.2553,31750,18.5039,15.3543,145
268,4.2101E+11,28900,6.0847,16688,15.7191,6.0201,287
269,4.2101E+11,43800,11.7002,24609,15.9494,6.0759,266
270,4.2101E+11,38200,5.9184,29659,16.0714,0,382
271,4.2101E+11,38000,7.3477,35069,24.7475,6.0606,160
272,4.2101E+11,43900,7.4074,43750,26.2673,19.8157,53
273,4.2101E+11,44900,15.1822,26250,8.8068,2.5568,77
274,4.2101E+11,34500,1.1958,8184,6.3966,13.4328,446
275,4.2101E+11,28100,7.2626,33500,33.6601,4.5752,216
276,4.2101E+11,38500,0,23813,12.7854,6.3927,214
277,4.2101E+11,38800,0,31250,11.9792,8.3333,159
278,4.2101E+11,32900,1.3308,21250,17.6039,10.7579,504
279,4.2101E+11,44800,0,30625,7.9585,2.0761,257
280,4.2101E+11,56000,12.2661,29464,3.0612,0,117
281,4.2101E+11,39700,9.0226,30048,12.8205,13.1054,176
282,4.2101E+11,32600,5.4502,23879,10.8992,0,345
283,4.2101E+11,43000,6.5663,16373,10,3.6667,580
284,4.2101E+11,39500,5.0209,17330,10.9244,0,410
285,4.2101E+11,33700,8.7289,28902,11.7486,3.8251,179
286,4.2101E+11,36900,2.0101,24605,17.2414,8.2759,33
287,4.2101E+11,36300,1.4644,35739,13.3956,4.6729,185
288,4.2101E+11,36600,1.6867,20298,0,2.0408,250
289,4.2101E+11,29100,5.2133,24875,16.0804,0,388
290,4.2101E+11,19300,0,21250,22.4066,2.9046,181
291,4.2101E+11,35100,5.045,16354,26.1538,5.7143,464
292,4.2101E+11,29900,0,27639,17.8082,1.3699,96
293,4.2101E+11,30500,3.3175,28250,16.3743,8.1871,145
294,4.2101E+11,25000,3.6782,18304,6.0606,6.3973,261
295,4.2101E+11,41100,3.1558,19333,13.2867,6.2937,227
296,4.2101E+11,34800,2.7311,31500,16.9951,0,388
297,4.2101E+11,36100,0,23750,21.9697,11.8687,162
298,4.2101E+11,33200,10.0225,36384,11.3636,8.4711,281
299,4.2101E+11,41900,1.5444,26719,15,3.6111,263
300,4.2101E+11,40300,2.381,16310,16.0494,3.7037,368
301,4.2101E+11,34700,9.2308,29472,15.9184,9.3878,153
302,4.2101E+11,39300,13.1455,28309,7,14.5,344
303,4.2101E+11,41600,16.0164,28375,15.2542,4.8023,119
304,4.2101E+11,42500,6.7797,44183,9.8101,2.8481,41
305,4.2101E+11,37800,9.0909,27232,13.2159,11.4537,110
306,4.2101E+11,40200,2.657,20648,25.8555,2.6616,247
307,4.2101E+11,49900,7.2351,26750,10.1695,2.5424,182
308,4.2101E+11,34600,10.8626,25417,12.2302,11.5108,388
309,4.2101E+11,45700,6.5678,23382,14.0127,10.1911,193
310,4.2101E+11,41300,7.483,30625,19.0058,7.3099,178
311,4.2101E+11,41500,15.7801,30875,25.0729,3.4985,141
312,4.2101E+11,31400,9.0164,22386,0,15.7534,112
313,4.2101E+11,40700,2.2082,25417,30.1255,0,257
314,4.2101E+11,35100,5.2632,9375,16.8919,4.0541,279
315,4.2101E+11,28200,8.2687,27083,27.5325,2.0779,320
316,4.2101E+11,29500,37.551,21591,20.8738,5.3398,85
317,4.2101E+11,37500,0,46250,63.2184,0,0
318,4.2101E+11,36500,0,9327,28.6765,8.0882,72
319,4.2101E+11,29200,2.6804,16548,3.3613,2.9412,239
320,4.2101E+11,27300,10.3604,20924,18.6047,6.4599,311
321,4.2101E+11,29800,5.1546,15531,23.569,0,315
322,4.2101E+11,31300,4.77,15950,11.437,5.8651,351
323,4.2101E+11,56900,51.1777,12019,10.1719,0,543
324,4.2101E+11,58800,20.354,17000,16.3866,7.563,216
325,4.2101E+11,95900,36.5462,29808,14.7992,1.2685,135
326,4.2101E+11,131300,26.9767,20400,0,3.5191,152
327,4.2101E+11,80100,17.2061,33563,20.0483,9.9034,128
328,4.2101E+11,122700,66.9983,39028,15.7371,4.9801,115
329,4.2101E+11,106600,33.3747,26181,10.275,1.3025,222
330,4.2101E+11,98600,45.4653,29013,3.2258,0.9677,252
331,4.2101E+11,110800,55.6541,52250,12.61,2.4927,176
332,4.2101E+11,105400,28.4468,35781,15.4762,0.9921,218
333,4.2101E+11,84700,15.3141,27984,9.8976,5.2901,94
334,4.2101E+11,61700,13.1579,30179,21.8284,8.7687,309
335,4.2101E+11,49400,16.643,30662,19.3548,5.8824,213
336,4.2101E+11,47200,4.9618,30547,8.6957,7.6923,157
337,4.2101E+11,38800,10.1099,25556,17.7994,8.4142,182
338,4.2101E+11,38200,1.4205,14931,10.6996,12.3457,224
339,4.2101E+11,35700,6.814,19482,10.1266,4.8101,177
340,4.2101E+11,38800,6.2741,25052,7.8767,8.2192,473
341,4.2101E+11,36400,2.1978,22262,7.2261,2.0979,450
342,4.2101E+11,37300,8.0158,26339,1.1136,3.3408,252
343,4.2101E+11,36000,3.8265,32150,11.9048,5.7823,63
344,4.2101E+11,33000,6.0842,28158,7.0461,5.4201,210
345,4.2101E+11,39000,8.2892,22530,11.8812,5.6931,237
346,4.2101E+11,45400,8.056,26597,12.8,4.8,163
347,4.2101E+11,42000,7.7496,26944,11.3537,2.4017,227
348,4.2101E+11,42500,6.4327,32000,6.682,2.3041,217
349,4.2101E+11,45900,10.0147,28529,9.2672,1.9397,218
350,4.2101E+11,58700,24.3568,25912,6.5282,0,195
351,4.2101E+11,71100,13.9474,47788,0,10,16
352,4.2101E+11,65900,20.3008,30398,6.1162,5.1988,223
353,4.2101E+11,57500,16.5926,27194,6.6838,2.3136,128
354,4.2101E+11,43000,7.8998,27381,12.5356,0,225
355,4.2101E+11,48400,11.7249,24028,11.4833,0,194
356,4.2101E+11,42300,2.7267,30163,10.7097,1.5484,471
357,4.2101E+11,43900,17.0588,22292,7.2222,8.3333,296
358,4.2101E+11,42600,11.2727,29875,28.7671,0,181
359,4.2101E+11,36700,1.6667,18125,19.9588,5.5556,263
360,4.2101E+11,43100,9.5729,18810,16.2222,0,515
361,4.2101E+11,43800,7.5738,31667,13.6622,3.7951,207
362,4.2101E+11,37600,1.2012,30048,14.2539,3.118,248
363,4.2101E+11,27400,0,20457,18.5185,5.291,100
364,4.2101E+11,38000,14.8148,22386,19.1549,1.6901,212
365,4.2101E+11,34700,6.7847,23125,8.1481,33.3333,187
366,4.2101E+11,40200,11.583,27284,13.8365,0,66
367,4.2101E+11,38000,6.9544,29519,12.6354,0,80
368,4.2101E+11,39000,8.0979,31576,9.1803,6.5574,162
369,4.2101E+11,34000,6.1489,27500,11.6751,12.1827,128
370,4.2101E+11,38600,0,31346,9.3333,2,226
371,4.2101E+11,36900,1.9126,21111,19.8758,14.2857,289
372,4.2101E+11,23900,12.0148,21850,18.75,7.8804,88
373,4.2101E+11,68400,17.7419,21731,13.8889,3.8462,230
374,4.2101E+11,40600,11.25,19777,17.3913,3.2609,267
375,4.2101E+11,42200,6.0024,25811,12.5,1.6304,217
376,4.2101E+11,47600,5.8271,19539,18.6,5,360
377,4.2101E+11,24900,5.531,17422,18.9702,0,351
378,4.2101E+11,37900,14.1304,24650,15.0685,0,94
379,4.2101E+11,61800,4.1237,19342,0,12.6126,163
380,4.2101E+11,58900,4.8101,10568,27.0548,0,145
381,4.2101E+11,89300,34.5013,25581,11.2084,0,301
382,4.2101E+11,107000,56.0874,21154,8.3123,0,526
383,4.2101E+11,62600,5.3125,4178,40.2985,1.99,263
384,4.2101E+11,61900,10.5603,34856,11.5607,0,160
385,4.2101E+11,53000,10.2564,15060,9.7744,0,124
386,4.2101E+11,62300,9.1286,22059,9.1837,0,300
387,4.2101E+11,95000,18.6312,19167,24.5033,0,132
388,4.2101E+11,194600,64.564,18372,10.2067,2.4548,684
389,4.2101E+11,91400,74.4762,15000,9.1185,3.6474,572
390,4.2101E+11,129000,56.13,25984,7.024,0,232
391,4.2101E+11,126000,57.3464,26083,8.547,0,528
392,4.2101E+11,38800,18.3976,31029,15.6352,0,234
393,4.2101E+11,190000,50.4505,18750,10.8747,2.8369,582
394,4.2101E+11,225000,79.4118,6830,0,4.5833,658
395,4.2101E+11,70000,48.7528,11014,10.5882,2.3529,542
396,4.2101E+11,87000,28.2258,8523,5.6537,9.1873,248
397,4.2101E+11,83300,13.1034,17115,0,3.6649,212
398,4.2101E+11,104700,82.2394,19167,2.6515,0,253
399,4.2101E+11,152300,57.1429,20294,3.8147,3.5422,182
400,4.2101E+11,203100,50.9804,10428,4.9149,0,447
401,4.2101E+11,88100,48.7239,30282,15.7143,3.3333,136
402,4.2101E+11,165200,57.3407,27500,9.9042,4.4728,68
403,4.2101E+11,76000,11.7021,32857,6.2992,0,84
404,4.2101E+11,156300,9.2504,7093,1.7915,0,469
405,4.2101E+11,55000,6.7901,17054,13.6691,28.0576,171
406,4.2101E+11,38800,14.759,27250,19.2171,0,179
407,4.2101E+11,36000,16,20445,29.2035,2.6549,118
408,4.2101E+11,43100,19.1406,22083,26.2745,1.9608,229
409,4.2101E+11,51300,17.2749,18281,17.3661,2.3155,680
410,4.2101E+11,29500,5.8081,20761,10.8844,10.8844,292
411,4.2101E+11,25200,8.7603,19907,16.2896,6.1086,309
412,4.2101E+11,32500,0,17377,31.7495,3.0238,166
413,4.2101E+11,35700,2.381,29958,14.8585,14.1509,142
414,4.2101E+11,27800,10.3131,17181,20.6266,1.8277,340
415,4.2101E+11,45500,2.8796,25000,20.6897,2.7586,92
416,4.2101E+11,27100,11.8343,17083,12.1429,6.4286,269
417,4.2101E+11,32500,1.9397,18317,23.622,0,242
418,4.2101E+11,31100,10.6849,22500,19.5652,7.4534,130
419,4.2101E+11,27400,1.8116,13080,8.1028,2.5692,297
420,4.2101E+11,30200,15.6951,12396,20.2899,3.3816,105
421,4.2101E+11,34900,12.4654,17146,14.9635,1.8248,195
422,4.2101E+11,40600,5.4688,23864,11.032,18.1495,187
423,4.2101E+11,28100,4.5161,20625,19.3642,13.0058,297
424,4.2101E+11,38100,2.3324,29563,17.2932,7.5188,76
425,4.2101E+11,33500,0,11344,22.6667,0,290
426,4.2101E+11,33600,1.5873,23000,17.2662,7.554,182
427,4.2101E+11,31700,4.9587,23452,21.1111,7.4074,222
428,4.2101E+11,29500,4.7761,11705,8.6957,4.7826,190
429,4.2101E+11,35400,10.1392,30188,20.8791,0,207
430,4.2101E+11,33500,5.205,24509,19.7727,11.8182,108
431,4.2101E+11,37100,6.4655,18102,16.5333,6.1333,305
432,4.2101E+11,43300,4.1667,36053,20.2941,4.4118,118
433,4.2101E+11,26600,6.4159,19891,20.1133,17.847,198
434,4.2101E+11,93600,32.5,36094,0,0,0
435,4.2101E+11,71600,21.3371,35050,5.5684,1.6241,148
436,4.2101E+11,75200,26.6262,41292,5.7317,1.4634,364
437,4.2101E+11,71400,17.5348,41500,4.3915,4.8934,154
438,4.2101E+11,71000,32.2917,40515,0,0,36
439,4.2101E+11,68100,20.6284,37679,4.185,0,53
440,4.2101E+11,69400,20.339,46250,5.1724,5,119
441,4.2101E+11,194000,54.1176,106723,2.3622,96.063,0
442,4.2101E+11,61900,14.9905,39886,0,14.5522,75
443,4.2101E+11,61700,12.069,29922,9.6667,0,174
444,4.2101E+11,53500,13.4956,27500,16.7665,2.994,99
445,4.2101E+11,48500,10.6771,25667,9.4862,13.834,39
446,4.2101E+11,71100,7.7612,31563,5.6075,0,59
447,4.2101E+11,54800,24.5833,35417,12.5,3.9773,36
448,4.2101E+11,67800,8.9744,33958,6.9388,2.449,18
449,4.2101E+11,40800,4.8598,28050,18.8442,3.7688,257
450,4.2101E+11,41600,8.0078,38750,16.5312,0,67
451,4.2101E+11,27900,8.1911,26750,19.5455,10.9091,94
452,4.2101E+11,36600,7.781,33235,20.6186,10.3093,98
453,4.2101E+11,45500,10.9504,24934,17.3077,5.0481,187
454,4.2101E+11,54600,10.3198,24718,11.7506,2.6379,184
455,4.2101E+11,48600,10.3814,34792,7.6696,0,150
456,4.2101E+11,45200,5.2036,23917,10.7843,0,147
457,4.2101E+11,26500,2.9703,15667,15.3543,12.5984,228
458,4.2101E+11,36600,4.4444,16058,9.5023,2.7149,230
459,4.2101E+11,27100,8.8372,16429,8.6486,11.8919,87
460,4.2101E+11,54300,22.1106,16726,16.0714,0,41
461,4.2101E+11,44000,16.5577,31458,13.8158,9.2105,147
462,4.2101E+11,36700,6.3158,24583,8.1152,9.9476,169
463,4.2101E+11,34300,13.4387,37188,21.5686,4.902,99
464,4.2101E+11,33000,6.7327,16250,15.1515,7.2261,382
465,4.2101E+11,34100,3.1111,29107,21.6,0,244
466,4.2101E+11,30400,0.8547,14792,28.5088,0,203
467,4.2101E+11,27300,2.8947,16726,6.7925,6.0377,212
468,4.2101E+11,32500,0,13482,9.0476,8.5714,265
469,4.2101E+11,33600,10.5991,21176,33.945,0,96
470,4.2101E+11,28300,11.2903,28750,6.1594,3.2609,229
471,4.2101E+11,29000,11.2957,31010,19.305,0,95
472,4.2101E+11,26700,6.4965,21250,20.7483,0,345
473,4.2101E+11,29200,10.5903,7214,8.8319,5.4131,284
474,4.2101E+11,26700,0,15714,34.4156,1.9481,98
475,4.2101E+11,41500,13.587,17847,27.1318,10.8527,349
476,4.2101E+11,23900,8.6957,10037,20,4.2424,486
477,4.2101E+11,22500,0,14750,21.0526,0,157
478,4.2101E+11,23300,4.5714,18056,24.8408,3.8217,96
479,4.2101E+11,31700,0,17250,33.908,0,170
480,4.2101E+11,41800,9.4595,29531,46.8354,0,36
481,4.2101E+11,15000,4.5726,13875,9.3645,12.3746,226
482,4.2101E+11,22900,9.6296,22000,28.4211,5.7895,111
483,4.2101E+11,25400,0,13875,21.3235,0,240
484,4.2101E+11,27900,16.2712,14821,25.1572,9.434,139
485,4.2101E+11,38100,0,22292,30.1676,11.1732,159
486,4.2101E+11,19000,0,14643,21,21,75
487,4.2101E+11,37200,4.3956,17250,25.2941,18.8235,206
488,4.2101E+11,24200,0,8967,21.2435,6.7358,197
489,4.2101E+11,28400,4.6512,25333,18.0064,3.537,262
490,4.2101E+11,29700,5.5385,14300,19.6078,3.5294,288
491,4.2101E+11,22000,2.7708,9640,22.8571,6.7857,258
492,4.2101E+11,24400,15.864,18194,20.2247,12.7341,284
493,4.2101E+11,37600,7.9365,16950,20.7627,17.3729,195
494,4.2101E+11,28000,19.6875,18790,31.8182,7.6555,298
495,4.2101E+11,32600,6.2035,12128,20.7792,20.1299,393
496,4.2101E+11,33900,4.6602,21350,22.4691,23.4568,488
497,4.2101E+11,61300,17.2996,9427,9.3333,6.2222,188
498,4.2101E+11,63100,19.6809,30208,2.008,6.4257,176
499,4.2101E+11,34600,6.2992,5400,8.6093,0,163
500,4.2101E+11,34000,16.7421,20391,19.7605,0,97
501,4.2101E+11,27200,5.8651,12117,14.4201,14.4201,522
502,4.2101E+11,22000,8.9686,29327,16.6667,6.5972,159
503,4.2101E+11,33100,6.0823,22200,21.663,3.9387,244
504,4.2101E+11,23500,2.0942,9596,27.7778,0,408
505,4.2101E+11,19400,10.5611,14286,32.567,7.2797,183
506,4.2101E+11,14700,4.771,22917,20.0528,0,324
507,4.2101E+11,14900,6.2305,25469,23.3962,0,82
508,4.2101E+11,35300,0,20809,31.746,0,245
509,4.2101E+11,40500,11.8056,24970,16.6667,3.0303,223
510,4.2101E+11,37100,10.5906,23800,7.0845,4.6322,147
511,4.2101E+11,30000,6.0109,16477,8,0,110
512,4.2101E+11,37800,11.8644,8750,14.5455,0,87
513,4.2101E+11,27800,9.1716,20750,23.0453,16.0494,165
514,4.2101E+11,26300,3.4783,30972,37.5,0.5208,88
515,4.2101E+11,31800,0,30625,11.254,2.8939,173
516,4.2101E+11,32700,11.7409,23472,12.0112,5.3073,477
517,4.2101E+11,39100,9.1904,18892,7.5758,0,96
518,4.2101E+11,39000,16.1232,36125,15.427,0,81
519,4.2101E+11,37400,5.6489,23289,3.4759,13.6364,436
520,4.2101E+11,44400,3.6765,23289,18.0282,0,336
521,4.2101E+11,39300,11.5385,35972,14.9398,7.2289,250
522,4.2101E+11,18900,9.9526,33750,14.7887,0,83
523,4.2101E+11,31600,11.5987,24875,25.1799,2.8777,200
524,4.2101E+11,45800,8.4046,29960,11.5139,0,233
525,4.2101E+11,65900,13.1043,37768,4.6748,6.7073,88
526,4.2101E+11,48300,17.4468,39583,0,0,53
527,4.2101E+11,61000,10.9827,26406,9.4771,13.7255,109
528,4.2101E+11,45600,6.8106,21607,9.3506,5.7143,302
529,4.2101E+11,50800,5.2536,26875,6.1662,0,233
530,4.2101E+11,56400,15.6627,16985,10.0515,1.933,374
531,4.2101E+11,82200,31.9444,34779,7.8261,8.1159,183
532,4.2101E+11,79200,25.7108,35637,18.5075,3.1343,84
533,4.2101E+11,69500,21.1039,59583,5.6657,1.4164,17
534,4.2101E+11,72400,20.4167,38125,8.4746,3.9548,30
535,4.2101E+11,61800,26.7281,33661,8.6331,10.4317,68
536,4.2101E+11,57900,9.3812,34583,11.5578,4.2714,139
537,4.2101E+11,59000,16.3934,40486,9,6.6,88
538,4.2101E+11,146600,62.5984,16745,6.846,6.7237,655
539,4.2101E+11,160300,61.0932,105512,0,43.0894,20
540,4.2101E+11,88900,33.7335,41490,4.4444,21.0101,88
541,4.2101E+11,106300,28.5926,53073,4.1551,4.1551,224
542,4.2101E+11,169600,60.9091,52969,0,49.2308,169
543,4.2101E+11,83200,26.9863,55564,3.8217,2.5478,24
544,4.2101E+11,67500,14.952,45909,3.9352,3.9352,171
545,4.2101E+11,57700,12.1554,28770,9.1111,1.3333,133
546,4.2101E+11,53400,14.878,39688,5.4167,0,106
547,4.2101E+11,70400,19.8511,53750,8.5202,8.5202,38
548,4.2101E+11,59500,11.6242,33357,4.5576,1.8767,171
549,4.2101E+11,74700,19.084,43177,8.2192,3.4247,120
550,4.2101E+11,118800,32.1888,27340,10.4478,12.6866,182
551,4.2101E+11,66200,24.4856,44444,4.8507,3.3582,254
552,4.2101E+11,61300,30.9038,41125,7.6531,0,49
553,4.2101E+11,54500,7.7821,38043,8.5443,0,70
554,4.2101E+11,62700,7.7447,26843,8.5568,1.0217,386
555,4.2101E+11,23400,5.0975,17330,16.7702,5.176,580
556,4.2101E+11,155800,37.9004,48333,0,31.2668,89
557,4.2101E+11,185000,82.2485,92341,9.2784,74.2268,0
558,4.2101E+11,155200,54.7222,33750,6.1224,29.932,136
559,4.2101E+11,73200,37.1245,32976,6.2229,0.7236,284
560,4.2101E+11,97400,34.2138,32656,3.8158,8.2895,204
561,4.2101E+11,65000,36.1914,12043,6.7871,0,768
562,4.2101E+11,92900,40.0761,49188,4.3643,0,162
563,4.2101E+11,77500,30.9673,36917,15.1629,2.005,430
564,4.2101E+11,112500,72.1698,29740,25.8083,0,506
565,4.2101E+11,85000,48.1481,16667,0,0,40
566,4.2101E+11,77400,44.296,26915,23.0483,0,153
567,4.2101E+11,126000,67.1454,37833,6.4246,1.1173,237
568,4.2101E+11,75600,41.7219,34500,42.7586,28.2759,23
569,4.2101E+11,94700,61.7729,35795,8.8889,2.6667,132
570,4.2101E+11,45000,0,23269,59.0909,0,0
571,4.2101E+11,81500,27.4074,15870,0,0,66
572,4.2101E+11,112500,69.8276,50536,0,0,18
573,4.2101E+11,75000,65.5556,36932,0,29.7872,0
574,4.2101E+11,88900,30.9091,60417,8.1081,18.9189,0
575,4.2101E+11,625000,62.1359,32031,0,0,0
576,4.2101E+11,89300,48.0702,39500,16.2264,0,66
577,4.2101E+11,90300,37.1041,24792,0,9.7902,41
578,4.2101E+11,75000,59.1133,45625,26.087,3.4783,35
579,4.2101E+11,75600,12.7907,24821,2.2599,8.4746,55
580,4.2101E+11,68000,15.4822,31920,10.3704,2.5926,48
581,4.2101E+11,112500,1.4184,11875,2.9178,0,461
582,4.2101E+11,18800,3.4068,14250,61.0942,0,295
583,4.2101E+11,29700,12.3529,23534,40.2235,0,107
584,4.2101E+11,137500,0,7321,8.1218,0,379
585,4.2101E+11,55800,0,27250,0,20.6897,0
586,4.2101E+11,74300,9.6154,41250,0,0,28
587,4.2101E+11,65000,22.5352,19167,25.4237,0,113
588,4.2101E+11,80000,51.2821,28214,22.381,0,97
589,4.2101E+11,63800,59.0604,40776,2.5974,0,29
590,4.2101E+11,88100,30,26250,15.2941,0,192
591,4.2101E+11,40900,0,29875,12.766,1.5957,224
592,4.2101E+11,75000,26.9542,31250,11.6848,0,199
593,4.2101E+11,300000,54.5259,45524,8.399,0,231
594,4.2101E+11,188900,56.4202,49438,5.1813,0,34
595,4.2101E+11,200900,61.8012,37656,10.5058,0,36
596,4.2101E+11,160500,57.7243,47466,8.024,1.0778,59
597,4.2101E+11,217700,78.7194,55536,5.6872,2.3697,79
598,4.2101E+11,217800,57.6271,37708,10.9531,3.4139,383
599,4.2101E+11,56100,11.3514,21000,14.1509,15.0943,64
600,4.2101E+11,27500,4.8458,12440,13.1387,22.6277,196
601,4.2101E+11,46900,24.0909,29167,18.4397,5.6738,78
602,4.2101E+11,45700,14.0969,37375,18.6207,15.1724,85
603,4.2101E+11,83600,32.0707,28750,5.1903,0,174
604,4.2101E+11,102300,19.5767,31875,4.5455,8.1818,92
605,4.2101E+11,111300,61.8644,42083,6.0185,0,45
606,4.2101E+11,102000,34.0996,37188,6.0519,0,80
607,4.2101E+11,87000,51.3619,40380,4.4321,0,54
608,4.2101E+11,130800,35.9517,46023,5.7613,4.1152,61
609,4.2101E+11,128100,64.476,63438,0,2.5281,54
610,4.2101E+11,132500,75.2137,47461,22.3085,0.9989,143
611,4.2101E+11,97200,62.0879,65125,0,0,28
612,4.2101E+11,89800,46.6447,52045,6.2409,5.5152,135
613,4.2101E+11,83800,33.2263,36176,9.7804,2.7944,125
614,4.2101E+11,93300,51.3812,41691,0,0,55
615,4.2101E+11,31100,0,16016,9.0909,11.6162,261
616,4.2101E+11,23800,0,16989,25.3275,0,228
617,4.2101E+11,18800,4.1667,53274,20.7143,12.8571,13
618,4.2101E+11,60600,25.0633,40278,19.6517,0,195
619,4.2101E+11,55000,20.1729,29176,34.5609,3.6827,193
620,4.2101E+11,27100,5.5777,34500,7.6923,16.6667,109
621,4.2101E+11,27500,5.9107,18125,21.8284,5.0373,364
622,4.2101E+11,26200,10,20000,32.7273,5.2273,159
623,4.2101E+11,19600,3.5461,8500,38.1818,23.6364,149
624,4.2101E+11,25400,8.0214,23906,32.2404,4.918,217
625,4.2101E+11,17200,6.4935,15208,28.6408,19.4175,196
626,4.2101E+11,14100,12.8049,17457,36.0902,8.2707,51
627,4.2101E+11,19500,4.5455,11534,17.4863,9.2896,109
628,4.2101E+11,29500,0,20938,43.8095,19.5238,46
629,4.2101E+11,30500,2.9316,27350,21.5859,8.8106,159
630,4.2101E+11,33300,0,14286,35.1955,19.5531,237
631,4.2101E+11,27500,5.4348,8750,0,12.6582,38
632,4.2101E+11,46500,10.0407,35208,14.8472,4.3668,95
633,4.2101E+11,17900,0,9896,20.5645,7.2581,277
634,4.2101E+11,10900,0,20921,44.1558,9.0909,61
635,4.2101E+11,17500,2.7451,11696,51.5738,3.3898,496
636,4.2101E+11,13600,7.7778,8036,44.7368,21.0526,40
637,4.2101E+11,12500,16,11574,21.0526,3.5088,272
638,4.2101E+11,17500,12.5874,15313,20,1.1765,113
639,4.2101E+11,14800,0,11250,35.5072,4.3478,81
640,4.2101E+11,52900,11.1111,18438,19.1083,0,97
641,4.2101E+11,35400,0,29306,30.3922,0,10
642,4.2101E+11,21300,6.8702,14408,56.9444,20.8333,41
643,4.2101E+11,21200,6.6852,8981,49.3421,12.7193,424
644,4.2101E+11,44800,1.992,14345,4.717,0,236
645,4.2101E+11,55000,13.5802,11023,27.7778,10.1852,128
646,4.2101E+11,54400,7.4468,23438,51.3725,0,197
647,4.2101E+11,78500,18.3223,21750,0,2.5362,209
648,4.2101E+11,45000,2.349,13000,2.6549,0,218
649,4.2101E+11,42500,20.5128,11172,12.2807,35.0877,16
650,4.2101E+11,57500,5.3097,28929,36.3636,0,34
651,4.2101E+11,70500,43.6261,32083,8.9744,5.1282,76
652,4.2101E+11,78600,31.1526,32292,19.17,3.1621,256
653,4.2101E+11,82000,31.6602,31538,22.5641,0,31
654,4.2101E+11,76700,19.0476,17083,24.359,26.9231,53
655,4.2101E+11,32500,0,41111,3.2258,0,0
656,4.2101E+11,49000,14.0187,30255,15,5.7143,53
657,4.2101E+11,47200,6.3091,49306,21.5686,6.2745,41
658,4.2101E+11,61900,21.9955,41379,2.2305,4.0892,27
659,4.2101E+11,29000,13.7566,9458,21.3235,0,162
660,4.2101E+11,41300,19.898,27250,21.1921,4.6358,72
661,4.2101E+11,29200,17.7852,23173,16.3636,9.5455,97
662,4.2101E+11,44000,8.5586,16406,8.9231,2.7692,268
663,4.2101E+11,58900,15.2866,41563,24.5033,0,77
664,4.2101E+11,30500,9.5745,21563,14.5,9.5,203
665,4.2101E+11,38600,20.0514,32784,17.0103,22.1649,201
666,4.2101E+11,62500,4.8507,16667,47.5806,10.0806,358
667,4.2101E+11,43300,0,12188,7.9365,9.5238,19
668,4.2101E+11,95000,11.9205,8667,16.2304,3.6649,62
669,4.2101E+11,74300,3.268,50714,0,0,72
670,4.2101E+11,61100,18.1818,37500,1.0204,2.381,48
671,4.2101E+11,61600,9.292,10694,5.9211,2.3026,329
672,4.2101E+11,63900,23.7805,27946,0,5.8824,17
673,4.2101E+11,63800,20.8904,29181,12.9213,11.7978,98
674,4.2101E+11,32500,11.236,11726,59.6154,39.1026,107
675,4.2101E+11,38700,4.7863,16858,32.549,10.1961,678
676,4.2101E+11,39400,0,15592,31.8182,7.438,302
677,4.2101E+11,11900,6.383,9097,13.0178,1.1834,221
678,4.2101E+11,13600,0,19600,37.1287,16.3366,190
679,4.2101E+11,12300,2.1687,13158,20.5714,6.5714,352
680,4.2101E+11,16900,5.168,22700,22.2222,14.7222,289
681,4.2101E+11,20600,0,29184,19.2214,8.2725,267
682,4.2101E+11,39000,2.2444,21071,12.3288,0,198
683,4.2101E+11,27500,0,20550,5.5556,0,44
684,4.2101E+11,71900,0,33750,29.4872,0,48
685,4.2101E+11,35600,13.8298,61429,18.4615,0,58
686,4.2101E+11,125800,16.4557,9643,0,11.1111,46
687,4.2101E+11,22200,2.1941,10062,11.6116,17.1171,962
688,4.2101E+11,24900,2.3419,12731,19.3591,13.7517,983
689,4.2101E+11,11400,1.6282,17404,31.677,6.8323,332
690,4.2101E+11,12900,1.2277,11371,20.7681,8.9616,768
691,4.2101E+11,21900,2.2267,19102,28.4802,7.4074,672
692,4.2101E+11,32500,4.1284,16172,34.7291,3.9409,344
693,4.2101E+11,22700,3.3175,22708,27.23,6.1033,117
694,4.2101E+11,12300,0,9375,18.1347,3.1088,284
695,4.2101E+11,16200,1.8519,21250,7.9787,10.6383,274
696,4.2101E+11,20200,3.8,21591,12.069,7.2414,334
697,4.2101E+11,24500,3.9627,11974,7.0552,3.0675,630
698,4.2101E+11,17500,0,9760,77.1107,0,235
699,4.2101E+11,31400,5.4839,32550,24,4.4444,194
700,4.2101E+11,24300,28.7037,8438,24.4755,0,280
701,4.2101E+11,13800,3.3898,17313,42.8571,2.381,107
702,4.2101E+11,16900,5.3279,9653,19.4872,3.5897,235
703,4.2101E+11,10000,6.1303,10750,35.1852,12.037,179
704,4.2101E+11,33500,0,13490,27.2085,9.5406,201
705,4.2101E+11,20900,14.7059,51125,39.8876,4.4944,68
706,4.2101E+11,42500,8.1232,16827,31.9527,5.3254,211
707,4.2101E+11,46500,8.1169,35568,24.2915,8.0972,124
708,4.2101E+11,40300,0,13807,34.8101,11.3924,280
709,4.2101E+11,30700,0,15833,22.8261,6.5217,70
710,4.2101E+11,22500,0,14135,0,0,274
711,4.2101E+11,33400,0,14821,0,8.7912,105
712,4.2101E+11,32100,21.7391,14917,0,0,134
713,4.2101E+11,32200,0,32609,36.5385,8.6538,65
714,4.2101E+11,23800,5.6769,15938,16.5644,30.6748,227
715,4.2101E+11,23000,2.6403,6907,23.6111,17.1296,234
716,4.2101E+11,32100,0,17813,23.8532,6.422,117
717,4.2101E+11,22700,6.1453,38000,3.3058,26.4463,150
718,4.2101E+11,45000,4.5455,40000,0,0,40
719,4.2101E+11,24600,3.8388,26154,19.0625,9.6875,370
720,4.2101E+11,25300,10.6115,22305,17.849,16.2471,356
721,4.2101E+11,59300,20.8914,33854,14.4737,8.3333,144
722,4.2101E+11,47900,15.5216,21029,17.3913,16.087,150
723,4.2101E+11,59200,8.5492,25714,11.9863,0,184
724,4.2101E+11,52700,4.0491,36591,13.4216,0,124
725,4.2101E+11,59100,30.6189,50329,0,20,71
726,4.2101E+11,54500,15.4705,38958,13.4571,4.1763,79
727,4.2101E+11,49000,5.6872,34464,8.2789,4.1394,161
728,4.2101E+11,38800,32.2289,26528,15.8371,4.5249,86
729,4.2101E+11,49600,6.5385,41759,8.2278,12.9747,192
730,4.2101E+11,50900,0,21394,20.1613,2.8226,109
731,4.2101E+11,32500,0,24438,27.3632,1.99,105
732,4.2101E+11,36900,9.5506,29125,16.5493,2.8169,196
733,4.2101E+11,39600,0,15679,9.6154,0,130
734,4.2101E+11,42800,8.1031,31917,11.8483,8.0569,181
735,4.2101E+11,50400,2.8486,33750,13,2.25,203
736,4.2101E+11,49100,4.8589,29375,18.5714,1.9048,74
737,4.2101E+11,42600,8.5014,35294,9.4218,3.6403,374
738,4.2101E+11,48800,9.2857,35898,10.7143,2.8195,342
739,4.2101E+11,27600,9.5652,26375,13.2075,5.0314,233
740,4.2101E+11,19700,2.3041,20625,11.4,13.8,477
741,4.2101E+11,32500,0,29000,7.9812,4.2254,225
742,4.2101E+11,29600,6.0773,28875,32.8467,0,102
743,4.2101E+11,24800,0,18750,29.1667,16.0714,79
744,4.2101E+11,18400,2.1645,17422,24.5125,18.9415,416
745,4.2101E+11,25200,4.0201,9476,27.1186,8.8983,283
746,4.2101E+11,26000,3.2641,18036,12.2727,7.2727,467
747,4.2101E+11,19200,0,18542,13.7741,12.3967,544
748,4.2101E+11,63000,2.6846,13239,16.5899,5.0691,258
749,4.2101E+11,21600,0,15313,5.7143,0,89
750,4.2101E+11,24800,3.3816,14250,17.8439,10.0372,333
751,4.2101E+11,23100,0,12125,21.2121,22.2222,251
752,4.2101E+11,14200,0,8466,23.7705,0,220
753,4.2101E+11,12900,0,19500,28.2609,0,308
754,4.2101E+11,17400,11.6972,15139,9.1667,0,446
755,4.2101E+11,30300,20.7317,15625,36.3636,29.5455,31
756,4.2101E+11,40900,0,14830,26.7544,25,229
757,4.2101E+11,17500,0,16250,0,0,113
758,4.2101E+11,32500,13.8122,48350,26.8817,0,8
759,4.2101E+11,13900,0,10125,23.8095,23.1293,164
760,4.2101E+11,19700,3.9326,17448,10,15,246
761,4.2101E+11,24300,0,10242,14.5098,3.9216,388
762,4.2101E+11,28500,0,23438,10.6481,3.2407,256
763,4.2101E+11,19900,3.012,16172,24.6479,7.7465,271
764,4.2101E+11,30500,4.2667,9228,11.7409,6.4777,244
765,4.2101E+11,16300,12.6712,7330,13.7441,15.6398,370
766,4.2101E+11,27700,4.8469,14844,20.1493,3.7313,449
767,4.2101E+11,24100,3.3628,11250,9.4395,6.7847,611
768,4.2101E+11,14800,1.6997,9688,2.381,5.7143,514
769,4.2101E+11,27500,0,8333,77.1186,3.1073,193
770,4.2101E+11,14100,0,19167,18.75,0,104
771,4.2101E+11,11800,11.8343,18750,13,0,123
772,4.2101E+11,28100,0,8274,12.6214,8.7379,160
773,4.2101E+11,11500,2.8871,22143,16.3142,4.8338,325
774,4.2101E+11,13400,0,23162,29.653,7.2555,263
775,4.2101E+11,21500,4.7059,8125,21.8107,0,147
776,4.2101E+11,28800,0,14615,15.625,0,222
777,4.2101E+11,47700,0,32188,10,0,125
778,4.2101E+11,13800,2.7397,22212,29.1391,0,132
779,4.2101E+11,13500,0,19792,2.7211,0,192
780,4.2101E+11,20600,5.2885,16167,32.4,5.2,251
781,4.2101E+11,28700,6.2893,12400,36.9928,11.6945,300
782,4.2101E+11,17000,5.5449,19787,14.6707,8.3832,364
783,4.2101E+11,19200,1.4113,11250,27.088,3.386,442
784,4.2101E+11,20900,4.1825,16490,16.934,6.4171,439
785,4.2101E+11,18900,6.2574,15703,14.1631,4.2918,723
786,4.2101E+11,18500,1.2216,17917,27.1949,7.0664,451
787,4.2101E+11,17500,0,13958,8.8235,0,97
788,4.2101E+11,23100,0,16071,25.2717,0,254
789,4.2101E+11,10800,2.2876,16500,24.4648,5.5046,477
790,4.2101E+11,20200,3.1022,20893,17.9837,11.7166,307
791,4.2101E+11,11900,0,9167,27.1845,0,130
792,4.2101E+11,30300,6.4516,22885,9.5238,10,111
793,4.2101E+11,36900,14.1732,28207,8.7591,2.1898,129
794,4.2101E+11,33800,7.6531,19783,11.4187,6.5744,218
795,4.2101E+11,28900,5.1546,14080,21.8589,12.9088,378
796,4.2101E+11,36600,4.2553,16850,14.751,6.3218,494
797,4.2101E+11,18100,3.8724,12260,15.7224,20.1133,748
798,4.2101E+11,15200,5.7377,13864,21.3192,6.9494,822
799,4.2101E+11,27200,4.1118,13306,19.0377,2.9289,294
800,4.2101E+11,14900,4.8632,17396,27.6894,4.3031,892
801,4.2101E+11,27800,6.8548,21914,11.1756,7.9826,365
802,4.2101E+11,36700,5.059,37955,1.9293,0,155
803,4.2101E+11,34300,8.885,41563,14.3731,3.6697,34
804,4.2101E+11,22500,0,18750,10.4167,60.4167,109
805,4.2101E+11,31300,12.5926,35000,1.4493,7.2464,92
806,4.2101E+11,32300,6.7114,22431,8.7404,2.8278,259
807,4.2101E+11,30900,7.2289,34000,5.3571,0,200
808,4.2101E+11,33000,4.9735,25208,5.4409,3.94,329
809,4.2101E+11,37300,4.386,9833,14.0625,7.0313,235
810,4.2101E+11,24400,5.8704,18750,14.0777,5.3398,233
811,4.2101E+11,27700,0,17375,15.0685,11.4155,242
812,4.2101E+11,31800,0,18947,9.0323,0,179
813,4.2101E+11,27900,3.5222,21172,10.0671,7.3826,343
814,4.2101E+11,21000,1.8008,26813,12.522,2.8219,377
815,4.2101E+11,19100,1.3793,21106,16.609,8.9965,382
816,4.2101E+11,24400,2.3379,20652,9.7391,10.9565,405
817,4.2101E+11,21500,0.8811,18712,17.0686,13.3581,469
818,4.2101E+11,15400,1.3559,18713,16.3855,5.5422,342
819,4.2101E+11,20400,9.4463,30208,12.5714,5.1429,76
820,4.2101E+11,24700,10.5072,14400,16.2562,2.4631,247
821,4.2101E+11,23800,4.271,24191,15.5797,4.529,399
822,4.2101E+11,32500,0,12150,24.0816,2.0408,207
823,4.2101E+11,16600,6.4057,32679,2.2222,3.8889,115
824,4.2101E+11,16000,0,22813,22.5225,9.4595,342
825,4.2101E+11,21200,6.0274,19856,25.0965,7.3359,153
826,4.2101E+11,14800,0,10417,33.0233,2.7907,256
827,4.2101E+11,18100,0,14145,29.5,11,201
828,4.2101E+11,22500,0,10486,18.4783,5.9783,288
829,4.2101E+11,20900,1.7241,21950,16.0819,20.1754,534
830,4.2101E+11,21000,4.0886,16173,16.7147,14.121,818
831,4.2101E+11,15800,4.25,25101,22.5904,2.7108,378
832,4.2101E+11,16500,0,14643,11.9122,16.6144,400
833,4.2101E+11,20900,2.2936,12953,19.0244,13.0081,911
834,4.2101E+11,14500,0,9787,16.5842,16.3366,808
835,4.2101E+11,18300,3.9648,17566,10.274,7.5342,216
836,4.2101E+11,17500,3.8576,11250,19.0114,19.7719,440
837,4.2101E+11,16000,6.2038,12353,22.0085,1.4957,499
838,4.2101E+11,16800,1.8703,11944,13.0045,12.855,1267
839,4.2101E+11,12800,0,19145,29.1022,28.7926,332
840,4.2101E+11,16900,0,12375,20.7547,10.8491,971
841,4.2101E+11,17200,3.9526,11625,28.9116,18.3673,526
842,4.2101E+11,27400,4.1943,11466,18.0147,2.9412,529
843,4.2101E+11,32800,1.8382,12438,10.7843,3.9216,262
844,4.2101E+11,29200,2.6357,18802,20,7.1845,502
845,4.2101E+11,27000,5.295,15192,16.9014,8.8531,678
846,4.2101E+11,18100,2.2184,11855,25.6959,8.137,534
847,4.2101E+11,18800,0,14205,19.9377,4.0498,479
848,4.2101E+11,20500,2.0121,9464,19.0045,7.0136,880
849,4.2101E+11,24500,0,18370,20.9581,15.8683,455
850,4.2101E+11,32700,2.521,20208,17.3077,15.7051,546
851,4.2101E+11,31200,2.4436,16893,21.1991,7.4946,815
852,4.2101E+11,31700,7.7869,8939,16.4975,12.1827,589
853,4.2101E+11,28900,1.3035,10662,21.0643,6.4302,452
854,4.2101E+11,31000,0,19861,23.7569,6.0773,468
855,4.2101E+11,31100,8.094,13056,16.8459,21.5054,385
856,4.2101E+11,17200,0,14375,17.7143,21.7143,331
857,4.2101E+11,20600,5.814,16944,0,32.6087,62
858,4.2101E+11,19900,1.0274,16636,26.3858,6.2084,415
859,4.2101E+11,23900,3.2468,15893,20.4545,16.3223,728
860,4.2101E+11,27400,1.3825,23750,23.6842,30,106
861,4.2101E+11,43400,6.0074,38191,9.3939,3.7879,346
862,4.2101E+11,40100,6.4444,23558,8.7879,6.0606,292
863,4.2101E+11,33600,0,8438,12.8205,0,137
864,4.2101E+11,17000,6.5327,21964,0,7.3333,135
865,4.2101E+11,27700,2.8391,18565,32.5,7.1875,321
866,4.2101E+11,34900,2.8796,14970,18.1435,4.2194,248
867,4.2101E+11,36400,4.8052,28750,18.9591,5.7621,351
868,4.2101E+11,49000,7.4074,31167,10.7759,0,173
869,4.2101E+11,50100,6.1358,28182,11.5073,3.8898,267
870,4.2101E+11,48200,8.4291,29474,8.8942,8.8942,171
871,4.2101E+11,49000,2.3599,31250,13.5659,13.1783,113
872,4.2101E+11,85000,26.2712,31754,2.6316,0,0
873,4.2101E+11,49400,10.6825,24514,12.4153,3.8375,292
874,4.2101E+11,42900,11.2211,25944,0,8.1744,117
875,4.2101E+11,46100,9.2437,34605,7.9545,0.9091,174
876,4.2101E+11,60600,9.3333,18571,14.0351,6.1404,48
877,4.2101E+11,28100,0,26331,5.848,19.2982,59
878,4.2101E+11,50500,0,30481,0,0,6
879,4.2101E+11,57900,4.1304,25761,8.9347,7.5601,103
880,4.2101E+11,65000,11.3208,34000,3.5573,2.3715,23
881,4.2101E+11,56600,3.9409,26467,5.4299,0,69
882,4.2101E+11,57500,5.3738,38125,7.3359,6.1776,134
883,4.2101E+11,62600,13.2565,41250,3.4483,8.7533,68
884,4.2101E+11,54300,3.7383,31063,5.1546,13.9175,79
885,4.2101E+11,56800,7.2981,34700,8.2251,12.1212,178
886,4.2101E+11,55300,8.0103,31875,6.4,14.4,58
887,4.2101E+11,32500,0,41875,0,37.931,33
888,4.2101E+11,63400,1.9444,25000,0,3.719,67
889,4.2101E+11,60800,0,26429,4.3478,5.5901,122
890,4.2101E+11,52300,4.6125,30875,11.8785,7.1823,100
891,4.2101E+11,39500,9.8865,22206,10.4859,10.9974,159
892,4.2101E+11,50400,3.386,20000,0,5.8608,161
893,4.2101E+11,51500,2.8871,36111,1.8987,4.2194,58
894,4.2101E+11,52800,3.6117,36932,2.9963,9.7378,58
895,4.2101E+11,43500,0,23333,6.9767,30.814,80
896,4.2101E+11,49800,9.1052,35500,13.7203,10.2902,173
897,4.2101E+11,35100,6.1135,24531,21.0526,7.2368,85
898,4.2101E+11,37700,7.511,21979,11.8896,2.1231,542
899,4.2101E+11,35000,10,24375,23.1738,2.0151,401
900,4.2101E+11,39400,3.537,22031,5.4645,7.1038,174
901,4.2101E+11,35500,0,14224,17.6796,6.0773,165
902,4.2101E+11,36100,1.2165,21375,13.3136,5.9172,343
903,4.2101E+11,33600,3.6957,22188,20.8054,7.047,317
904,4.2101E+11,34000,2.2727,21328,4.7934,2.1488,561
905,4.2101E+11,36300,7.7176,26591,18.0365,8.6758,349
906,4.2101E+11,41700,7.0755,27656,13.7255,14.3791,127
907,4.2101E+11,35300,5.7692,23452,15.625,5.8036,230
908,4.2101E+11,54100,3.6066,26750,0,8.2873,128
909,4.2101E+11,45700,3.6842,33929,5.1587,3.1746,229
910,4.2101E+11,43300,1.8072,23409,16.0563,10.7042,329
911,4.2101E+11,46600,22,30125,0,0,48
912,4.2101E+11,36300,4.5,30357,26.4317,0,211
913,4.2101E+11,43700,3.6384,25903,5.5755,3.5971,476
914,4.2101E+11,48700,2.3622,19667,5.5944,3.4965,404
915,4.2101E+11,51400,5.8383,25083,5.0971,6.3107,183
916,4.2101E+11,51900,4.142,37083,2.6316,3.5088,67
917,4.2101E+11,51800,9.9541,35417,3.2037,2.0595,129
918,4.2101E+11,47200,5.6763,30625,11.8644,6.2712,227
919,4.2101E+11,44800,1.3289,31625,5.2023,21.3873,216
920,4.2101E+11,47800,3.079,32961,9.7561,3.6585,188
921,4.2101E+11,48600,2.7088,25735,7.6364,0,139
922,4.2101E+11,57200,9.707,40625,4.2945,0,74
923,4.2101E+11,55700,6.4833,24358,1.1628,4.6512,128
924,4.2101E+11,33400,5.7377,17260,12.3153,7.8818,231
925,4.2101E+11,31500,1.2559,17115,13.2558,2.7907,421
926,4.2101E+11,35000,4.5089,17457,7.6142,0,532
927,4.2101E+11,27500,2.1077,29107,26.3158,0,327
928,4.2101E+11,28600,3.7736,12083,26.9663,14.0449,309
929,4.2101E+11,28500,6.2762,20605,19.4215,23.5537,199
930,4.2101E+11,24200,1.6427,20275,23.7864,7.767,469
931,4.2101E+11,38200,0,24091,11.7764,9.3812,752
932,4.2101E+11,30900,0,26563,13.2075,0,0
933,4.2101E+11,43800,8.6957,13929,10.5263,10.5263,169
934,4.2101E+11,30700,2.1609,15750,18.3486,7.3394,739
935,4.2101E+11,32000,0.8102,22629,15.2709,15.1067,864
936,4.2101E+11,25000,1.0753,13832,19.6078,11.0517,802
937,4.2101E+11,31300,2.509,16000,4.2155,5.1522,587
938,4.2101E+11,22500,4.3243,14643,10.7345,11.8644,333
939,4.2101E+11,19200,0,11923,14.6953,5.7348,451
940,4.2101E+11,19700,2.3333,13854,20.0704,7.7465,336
941,4.2101E+11,18600,7.2961,8929,2.9197,13.1387,193
942,4.2101E+11,29700,2.2272,15385,0,11.0687,359
943,4.2101E+11,33300,0,15179,11.2319,12.6812,358
944,4.2101E+11,29400,2.5974,17250,14.7059,8.0214,508
945,4.2101E+11,46900,0,9688,0,13.9241,182
946,4.2101E+11,27900,1.0753,14962,0,0,550
947,4.2101E+11,30000,3.3654,29007,9.8361,11.7486,321
948,4.2101E+11,30200,1.004,10329,14.5553,8.3558,766
949,4.2101E+11,31400,2.8807,23750,16.3755,6.5502,577
950,4.2101E+11,33600,12.1951,24000,5.8651,8.2111,342
951,4.2101E+11,30500,0,24643,14.8248,1.8868,455
952,4.2101E+11,32700,4.8991,16726,14.8,7.6,261
953,4.2101E+11,21600,0,12500,9.4017,20.5128,236
954,4.2101E+11,21500,0,10556,6.8085,11.4894,424
955,4.2101E+11,27600,7.0053,27417,15.625,6.8182,538
956,4.2101E+11,27600,5.3517,21429,10.2902,3.4301,312
957,4.2101E+11,35300,2.6596,21250,16.2162,0,208
958,4.2101E+11,20500,0,20000,10.5413,1.7094,544
959,4.2101E+11,25700,1.7341,30272,14.4404,9.7473,306
960,4.2101E+11,24200,7.0539,10795,10.0649,9.4156,427
961,4.2101E+11,14000,5.9524,10000,8.5714,10.7143,297
962,4.2101E+11,12500,0,2499,28.125,34.375,58
963,4.2101E+11,35600,5.5118,13229,19.2308,0,69
964,4.2101E+11,19500,2.5316,16607,12.7451,23.0392,276
965,4.2101E+11,20000,3.8136,20069,22.6891,4.2017,457
966,4.2101E+11,22500,4.698,20885,17.3913,22.8261,413
967,4.2101E+11,29200,4.7619,17045,9.5745,6.383,330
968,4.2101E+11,32400,9.8315,23482,20.595,7.3227,205
969,4.2101E+11,43100,1.8789,19773,15.6522,0,225
970,4.2101E+11,42700,20.8215,40625,11.1345,5.6723,154
971,4.2101E+11,36900,12.5532,29792,23.8806,11.4428,103
972,4.2101E+11,22000,4.1502,18472,25.1412,0,268
973,4.2101E+11,19200,0,24010,23.6181,19.0955,23
974,4.2101E+11,25600,7.6316,23417,29.9252,6.7332,240
975,4.2101E+11,21600,8.4025,17292,13.8889,1.2077,574
976,4.2101E+11,28800,6.2914,11789,16.3265,7.619,758
977,4.2101E+11,43700,5.1969,22563,18.5268,4.0179,321
978,4.2101E+11,36500,6.7024,26838,12.1739,3.913,130
979,4.2101E+11,35000,6.6414,25833,11.4198,2.7778,153
980,4.2101E+11,33000,11.7647,22500,15.016,4.1534,227
981,4.2101E+11,21700,3.5971,18750,26.5403,4.7393,517
982,4.2101E+11,23700,2.7027,28125,21.875,3.5156,148
983,4.2101E+11,36200,8.2583,13388,8.5714,6.4286,388
984,4.2101E+11,26700,2.027,20417,18.2482,2.6764,130
985,4.2101E+11,31600,7.3314,13594,20,9.434,207
986,4.2101E+11,33200,13.985,24779,25.5034,7.6063,181
987,4.2101E+11,31800,7.7844,31833,29.7521,1.6529,74
988,4.2101E+11,28200,0,19444,18.4211,17.1053,20
989,4.2101E+11,26800,2.5225,23125,31.2139,2.8902,252
990,4.2101E+11,17900,0,14750,39.5973,0,107
991,4.2101E+11,33800,2.9963,11797,22.4852,11.8343,182
992,4.2101E+11,33600,1.9737,22222,0,18.5185,169
993,4.2101E+11,25800,4.9505,35461,13.1579,0,164
994,4.2101E+11,30600,0,27969,25,8.8542,45
995,4.2101E+11,30700,5.1756,29551,15.4242,7.455,131
996,4.2101E+11,21300,6.2016,31806,14.6067,3.9326,91
997,4.2101E+11,24100,7.2351,30417,17.7019,7.4534,243
998,4.2101E+11,33500,2.7223,23711,15.4306,5.3828,665
999,4.2101E+11,30700,8.6712,12780,10.5655,0.5952,407
1000,4.2101E+11,37100,0,12788,18.1818,0,55
1001,4.2101E+11,209200,66.5217,18984,5.2567,11.3692,538
1002,4.2101E+11,187200,71.5827,105320,0,57.2414,5
1003,4.2101E+11,132400,59.587,82152,1.5464,36.5979,41
1004,4.2101E+11,76100,44.4785,48654,3.2099,4.4444,68
1005,4.2101E+11,73200,43.5055,39450,7.839,4.661,73
1006,4.2101E+11,65900,52.5727,45714,10.6918,0,71
1007,4.2101E+11,77200,38.4615,41042,13.0435,5.153,205
1008,4.2101E+11,57300,27.2059,32750,41.3793,0,104
1009,4.2101E+11,68100,30.7692,40379,4.5918,7.6531,108
1010,4.2101E+11,66900,63.5317,44067,4.1798,6.4669,290
1011,4.2101E+11,77600,24.3295,49868,6.0606,4.7138,55
1012,4.2101E+11,87900,41.6031,55104,1.7595,2.0528,60
1013,4.2101E+11,94600,38.0723,35350,3.5144,0.639,88
1014,4.2101E+11,67800,44.1964,38315,6.1538,6.7692,85
1015,4.2101E+11,64100,22.0472,42500,11.236,8.9888,28
1016,4.2101E+11,73500,20.3947,35250,0,0,0
1017,4.2101E+11,81800,15.5738,49091,0,10.4265,7
1018,4.2101E+11,78600,15.7289,43056,4.6358,3.532,59
1019,4.2101E+11,77700,21.1111,31510,8.0524,8.2397,49
1020,4.2101E+11,81100,28.6885,36316,4.5139,6.25,85
1021,4.2101E+11,112500,49.5327,70833,0,0,8
1022,4.2101E+11,69800,45.2174,43375,20,0,23
1023,4.2101E+11,77000,41.9183,43056,0,13.4831,49
1024,4.2101E+11,87300,32.8424,40781,4.1096,15.7534,97
1025,4.2101E+11,95000,55.7823,56500,2.8409,32.3864,38
1026,4.2101E+11,86700,33.6047,42372,7.1192,6.457,63
1027,4.2101E+11,83600,27.7238,32386,5,7.8788,200
1028,4.2101E+11,87700,20.9929,42286,2.8509,4.1667,52
1029,4.2101E+11,73200,18.2377,36793,0,8.4615,133
1030,4.2101E+11,81100,23.9845,39792,7.6056,11.2676,169
1031,4.2101E+11,84500,27.7433,46367,9.7143,4,76
1032,4.2101E+11,84100,20.7317,42500,3.5831,20.5212,18
1033,4.2101E+11,76900,20.2487,35200,4.1056,4.3988,73
1034,4.2101E+11,77100,26.7045,39417,9.3079,5.4893,116
1035,4.2101E+11,74200,20.4878,34583,8.5106,14.2857,143
1036,4.2101E+11,80900,21.1055,59250,9.589,17.8082,23
1037,4.2101E+11,73600,77.907,51779,4.4444,0,32
1038,4.2101E+11,74700,36.5971,44881,5.9642,6.9583,121
1039,4.2101E+11,76300,22.049,29219,7.5908,1.9802,121
1040,4.2101E+11,81700,21.7973,48182,9.1988,11.276,18
1041,4.2101E+11,79400,30.625,42500,3.4965,12.9371,35
1042,4.2101E+11,79300,28.1804,51932,9.9526,1.4218,98
1043,4.2101E+11,73000,46.371,47639,12,6.8571,32
1044,4.2101E+11,87400,31.0284,40598,5.2219,14.0992,89
1045,4.2101E+11,101900,40.4167,33523,4.7285,14.1856,58
1046,4.2101E+11,128200,23.4609,64297,3.5714,51.3736,24
1047,4.2101E+11,109300,24.0236,53083,1.8421,9.6053,73
1048,4.2101E+11,112900,21.5314,44583,3.6158,14.4633,108
1049,4.2101E+11,103000,31.0705,46914,5.3571,9.7222,79
1050,4.2101E+11,95900,38.9728,51250,0,11.6456,10
1051,4.2101E+11,127600,63.6771,38269,2.0608,11.0893,280
1052,4.2101E+11,122200,49.3129,41293,2.6568,20.2214,283
1053,4.2101E+11,113300,34.1301,58393,5.5188,47.2406,52
1054,4.2101E+11,129800,26.7016,81547,0,95,12
1055,4.2101E+11,143300,35.9351,47404,5.9474,41.9087,61
1056,4.2101E+11,123500,28.6533,50714,0,52.9703,6
1057,4.2101E+11,118600,42.1053,46750,4.2471,18.5328,55
1058,4.2101E+11,156100,42.976,70000,1.4679,66.789,22
1059,4.2101E+11,1000001,28.3019,200001,0,47.619,0
1060,4.2101E+11,70000,31.0078,37438,0,19.0476,22
1061,4.2101E+11,393100,67.8862,87500,2.4,85.6,13
1062,4.2101E+11,471400,67.9487,84543,0,83.5443,17
1063,4.2101E+11,350000,48.0278,119036,6.4516,89.2473,54
1064,4.2101E+11,147100,52.1989,53472,2.2581,8.0645,13
1065,4.2101E+11,225000,74.6929,80794,4.065,39.0244,9
1066,4.2101E+11,222600,75.3191,75790,2.6578,28.9037,18
1067,4.2101E+11,231300,70.0935,51641,4.1667,22.4638,23
1068,4.2101E+11,843800,91.8919,200001,5.7851,82.6446,0
1069,4.2101E+11,395800,74.5042,49625,4.6414,40.5063,36
1070,4.2101E+11,145400,67.0121,72143,5.4348,26.9022,17
1071,4.2101E+11,295200,73.3333,122786,4.0462,49.1329,5
1072,4.2101E+11,131000,61.6034,62143,5.2023,16.474,88
1073,4.2101E+11,94500,58.7264,38750,2.9586,7.6923,64
1074,4.2101E+11,87600,46.2633,42625,11.413,19.5652,35
1075,4.2101E+11,112800,56.6449,48636,8.0692,7.781,82
1076,4.2101E+11,111200,57.3171,55000,1.7699,15.9292,30
1077,4.2101E+11,142900,66.6667,60625,1.4634,11.2195,16
1078,4.2101E+11,390900,92.3611,158071,0,100,6
1079,4.2101E+11,160800,89.7727,102075,0,31.7568,0
1080,4.2101E+11,379400,73.6508,142973,2.9586,81.0651,0
1081,4.2101E+11,110400,55.5556,50556,6.7797,27.1186,28
1082,4.2101E+11,153000,75.813,52045,5.0296,17.1598,12
1083,4.2101E+11,134000,39.2297,52500,8.2888,21.6578,0
1084,4.2101E+11,295800,79.4953,92500,0,67.1362,16
1085,4.2101E+11,158800,91.9565,101533,2.9167,26.25,6
1086,4.2101E+11,83300,23.9774,49750,23.7975,7.0886,0
1087,4.2101E+11,121000,41.9355,37333,0,35.3846,210
1088,4.2101E+11,75000,35.7367,60375,7.8049,24.878,24
1089,4.2101E+11,78600,29.0441,47931,10.6952,18.7166,67
1090,4.2101E+11,76900,43.3071,44583,6.2338,4.5455,263
1091,4.2101E+11,138300,48.3787,30996,6.1082,13.089,119
1092,4.2101E+11,152500,38.1215,59712,6.1224,42.8571,10
1093,4.2101E+11,51800,17.8268,29279,18.5567,13.9175,66
1094,4.2101E+11,116000,42.9766,40833,10.7692,15.6044,63
1095,4.2101E+11,77600,33.2737,32037,6.8075,13.1455,107
1096,4.2101E+11,121000,23.1667,22059,8.2051,10.7692,184
1097,4.2101E+11,67800,22.7322,30909,7.5439,1.2281,83
1098,4.2101E+11,81900,24.6787,15026,2.9167,0,306
1099,4.2101E+11,88400,31.8801,29250,17.5182,3.2847,74
1100,4.2101E+11,76500,44.0273,31389,12.3762,8.4158,93
1101,4.2101E+11,34600,2.1341,13426,12.0915,6.2092,509
1102,4.2101E+11,54800,14.936,25761,17,5.6,324
1103,4.2101E+11,86400,51.0086,32336,8.0819,1.8319,294
1104,4.2101E+11,38900,8.4249,23594,10.625,21.25,94
1105,4.2101E+11,93800,20.9459,9609,10.8943,0,276
1106,4.2101E+11,81100,27.685,34297,14.7651,16.7785,241
1107,4.2101E+11,47100,4.6512,31583,2.9268,4.878,154
1108,4.2101E+11,38800,10.3865,38438,14.7465,1.8433,84
1109,4.2101E+11,60700,16.3146,34511,15.2659,3.6021,257
1110,4.2101E+11,78300,9.727,9388,13.7987,6.3312,502
1111,4.2101E+11,60800,16.2963,21371,20.4846,12.5551,197
1112,4.2101E+11,86900,17.8832,32500,7.482,6.1871,174
1113,4.2101E+11,49900,18.9189,30833,13.7931,10.0985,245
1114,4.2101E+11,64900,16.7742,27917,19.5195,2.1021,110
1115,4.2101E+11,59400,8.3658,25882,14.7651,6.7114,183
1116,4.2101E+11,44800,10.6599,30903,21.1082,2.1108,233
1117,4.2101E+11,51200,8.7108,33846,5.3691,2.0134,127
1118,4.2101E+11,50700,16.3717,27188,16.8766,12.8463,160
1119,4.2101E+11,32500,7.1749,18929,17.3684,10,185
1120,4.2101E+11,69000,0,40417,0,10,10
1121,4.2101E+11,39600,6.9164,16364,6.81,0,355
1122,4.2101E+11,46500,13.3641,21630,15.2047,9.9415,107
1123,4.2101E+11,22100,0.9554,25213,19.457,5.6561,383
1124,4.2101E+11,40000,12.0968,30917,15.5844,13.6364,176
1125,4.2101E+11,40800,25.656,29464,18.4549,8.5837,50
1126,4.2101E+11,50400,14.2857,19625,16.7683,12.8049,242
1127,4.2101E+11,40900,2.7586,18500,11.9835,10.7438,204
1128,4.2101E+11,42400,11.8261,21875,14.011,16.7582,341
1129,4.2101E+11,43600,18.7123,21786,19.3853,10.8747,150
1130,4.2101E+11,34100,5.7692,22768,26.0223,7.4349,282
1131,4.2101E+11,50800,6.5789,15353,13.1349,8.4063,590
1132,4.2101E+11,51800,19.186,26250,21.5339,8.5546,326
1133,4.2101E+11,26400,8.365,20515,17.4528,2.8302,154
1134,4.2101E+11,76300,63.5417,101053,0,11.9403,119
1135,4.2101E+11,49500,28.3531,36750,20.7692,7.4359,189
1136,4.2101E+11,31800,0,25114,28.0851,11.9149,226
1137,4.2101E+11,62000,22.6488,29583,5.7325,17.8344,136
1138,4.2101E+11,42500,5.4585,31375,15.7343,4.5455,144
1139,4.2101E+11,37900,3.7801,38047,16,3.5,66
1140,4.2101E+11,38000,8.4354,23628,12.1535,10.4478,399
1141,4.2101E+11,32600,8.4071,27188,18.5185,6.4815,246
1142,4.2101E+11,39800,11.4014,28375,9.0323,0,194
1143,4.2101E+11,63900,5.3465,33482,6.3973,2.3569,189
1144,4.2101E+11,92500,5.2133,21382,0,0,163
1145,4.2101E+11,83700,14.6868,38571,10.4396,29.6703,85
1146,4.2101E+11,102200,33.0508,59167,3.0568,2.1834,17
1147,4.2101E+11,97400,19.9475,45208,4.4944,10.1124,72
1148,4.2101E+11,57600,14.1085,36518,12.449,6.9388,88
1149,4.2101E+11,50700,13.1579,25050,14.25,16,128
1150,4.2101E+11,51800,16.1148,12422,19.6923,7.6923,427
1151,4.2101E+11,44900,12.0579,31806,17.7778,8.2222,169
1152,4.2101E+11,59200,7.2464,24914,12.4113,0,144
1153,4.2101E+11,71300,27.1777,40714,2.5641,4.1026,259
1154,4.2101E+11,54400,17.7189,36613,2.0548,3.4247,93
1155,4.2101E+11,64100,13.5697,31135,3.055,3.666,259
1156,4.2101E+11,46000,4.0816,24063,18.9744,0,213
1157,4.2101E+11,57800,14.0216,28060,6.9388,5.102,155
1158,4.2101E+11,46700,18.3971,36685,14.2857,8.3744,213
1159,4.2101E+11,48500,9.073,31250,16.2921,10.3933,153
1160,4.2101E+11,62900,15.7324,43438,9.396,9.0604,177
1161,4.2101E+11,51000,7.0686,27679,8.547,19.0883,159
1162,4.2101E+11,98300,28.9855,59821,0.7663,10.3448,11
1163,4.2101E+11,83100,18.315,26216,6.1321,8.6478,345
1164,4.2101E+11,72900,29.7784,35592,4.7904,4.7904,92
1165,4.2101E+11,110200,51.6432,58750,7.1895,34.6405,23
1166,4.2101E+11,117000,57.7528,61750,2.6316,7.8947,58
1167,4.2101E+11,100200,29.5943,56923,3.2787,12.2951,70
1168,4.2101E+11,151900,46.3557,63571,0,56.8182,21
1169,4.2101E+11,96000,42.2998,48750,3.1949,19.1693,13
1170,4.2101E+11,97200,29.4756,51146,9.3294,17.2012,101
1171,4.2101E+11,114200,37.9507,40273,7.1875,12.5,65
1172,4.2101E+11,141500,52.9781,75798,0,12.3636,35
1173,4.2101E+11,120300,57.9114,48438,8.0229,6.0172,82
1174,4.2101E+11,123600,62.9787,51719,2.6966,21.7978,56
1175,4.2101E+11,263600,70.5314,97653,3.3058,65.2893,15
1176,4.2101E+11,165400,46.7908,42045,12.2083,4.9372,64
1177,4.2101E+11,135400,67.0473,56667,4.1763,10.4408,40
1178,4.2101E+11,129700,63.0108,61375,4.1791,5.6716,18
1179,4.2101E+11,83600,22.6636,38063,2.3256,7.5134,174
1180,4.2101E+11,103400,42.1951,50774,0.8734,31.441,18
1181,4.2101E+11,64700,27.1012,32917,0,4.5213,182
1182,4.2101E+11,73100,12.0075,37574,2.4055,3.0928,54
1183,4.2101E+11,75400,14.7157,59583,0,5.3254,57
1184,4.2101E+11,74100,11.041,50573,1.8919,0,27
1185,4.2101E+11,70400,19.5161,51923,4.3597,2.1798,81
1186,4.2101E+11,86700,9.9119,26058,12.0104,2.8721,95
1187,4.2101E+11,75600,13.8996,47500,2.5,15,12
1188,4.2101E+11,69400,19.0259,44375,3.7736,1.6173,55
1189,4.2101E+11,75600,21.6125,43393,4.6346,6.0606,129
1190,4.2101E+11,99100,24.7191,51522,1.8405,66.8712,6
1191,4.2101E+11,97300,27.7174,39955,4.5283,35.0943,99
1192,4.2101E+11,98300,28.4536,45250,3.4921,15.2381,26
1193,4.2101E+11,99800,22.2558,36285,3.3639,11.9266,205
1194,4.2101E+11,105400,26.3043,48438,2.6549,27.8761,0
1195,4.2101E+11,68600,14.8796,47857,0,2.0408,51
1196,4.2101E+11,67300,10.4762,42167,3.8265,7.6531,122
1197,4.2101E+11,71200,19.6407,42396,4.4444,2.4074,161
1198,4.2101E+11,93900,20.3354,44028,0,3.2491,31
1199,4.2101E+11,93900,25.9169,42297,4.5267,10.2881,0
1200,4.2101E+11,127400,25.1462,61786,2.2989,87.3563,20
1201,4.2101E+11,68000,11.5959,44779,5.045,2.7027,191
1202,4.2101E+11,73400,12.2734,45256,0,6.2331,52
1203,4.2101E+11,68600,14.1353,58125,10,6.5789,50
1204,4.2101E+11,69000,7.7228,37460,0,3.0864,129
1205,4.2101E+11,66800,11.0763,42862,2.3766,0,278
1206,4.2101E+11,64600,8.039,31375,7.6642,4.1971,357
1207,4.2101E+11,66100,25.5605,32222,0,19.788,7
1208,4.2101E+11,63700,7.1983,39034,8.2278,3.1646,381
1209,4.2101E+11,68800,7.6159,38693,0,5.3459,122
1210,4.2101E+11,61100,12.1673,47813,7.3016,3.8095,139
1211,4.2101E+11,61200,11.6438,46250,4.3307,5.5118,14
1212,4.2101E+11,92600,28.9552,38816,0,5.8824,0
1213,4.2101E+11,96100,25.1462,48169,3.7209,9.3023,12
1214,4.2101E+11,70100,3.132,57992,4.6429,7.1429,86
1215,4.2101E+11,62800,7.5314,27813,6.9767,2.6163,139
1216,4.2101E+11,67100,10.5744,43808,3.7313,0,99
1217,4.2101E+11,61200,8.1633,29464,14.0845,0,173
1218,4.2101E+11,60600,8.1633,37614,0,8.9136,152
1219,4.2101E+11,60100,7.362,32083,11.2211,1.9802,93
1220,4.2101E+11,39500,6.5268,30756,12.0635,8.254,105
1221,4.2101E+11,48300,5.9242,40417,0,6.5574,88
1222,4.2101E+11,55500,5.0086,34708,7.6316,3.6842,98
1223,4.2101E+11,49400,14.8148,31719,4.7619,0,99
1224,4.2101E+11,61000,4.927,36058,6.4417,1.8405,116
1225,4.2101E+11,63500,6.3943,41063,9.6346,6.3123,62
1226,4.2101E+11,60600,3.0965,28947,7.2674,0,170
1227,4.2101E+11,49600,10.917,38092,0,0,77
1228,4.2101E+11,70400,9.6124,51898,7.8947,3.11,54
1229,4.2101E+11,66200,6.3472,31823,0,0,327
1230,4.2101E+11,66800,13.2,45333,3.6913,11.0738,53
1231,4.2101E+11,51600,7.7599,38438,6.4024,7.9268,131
1232,4.2101E+11,56800,6.1329,34000,2.8818,0,114
1233,4.2101E+11,57600,13.2773,36897,9.2308,2.7692,183
1234,4.2101E+11,42800,15.6863,27250,0,9.6154,47
1235,4.2101E+11,42500,9.4017,31667,0,1.8987,32
1236,4.2101E+11,61100,4.3328,33421,9.3333,5.0667,84
1237,4.2101E+11,56500,3.299,31641,10.2564,0,113
1238,4.2101E+11,57600,8.0692,33833,9.9846,3.8402,306
1239,4.2101E+11,72600,13.5565,27461,10.6809,4.8064,439
1240,4.2101E+11,68300,19.2748,29265,8.2353,8.9412,91
1241,4.2101E+11,95300,29.7952,35078,9.4801,14.9847,86
1242,4.2101E+11,95000,31.0345,52083,13.5,34.5,35
1243,4.2101E+11,65200,8.9744,26667,13.3705,4.7354,182
1244,4.2101E+11,97900,22.8043,46250,9.1912,31.6176,68
1245,4.2101E+11,123600,27.193,47946,6.5089,33.1361,119
1246,4.2101E+11,138900,55.0265,57727,0,74.2515,40
1247,4.2101E+11,109500,26.6788,39306,4.797,43.9114,105
1248,4.2101E+11,116100,31.0897,34100,4.8017,15.2401,115
1249,4.2101E+11,133600,30.3855,54583,5.7143,62.381,47
1250,4.2101E+11,132000,13.4503,31705,4.7393,45.4976,85
1251,4.2101E+11,62400,16.1111,38650,4.1176,7.6471,139
1252,4.2101E+11,69200,19.9153,34125,4.1667,11.7424,57
1253,4.2101E+11,76600,23.7762,56442,0,4.6358,27
1254,4.2101E+11,77100,22.8721,45417,4.3981,3.7809,361
1255,4.2101E+11,48800,7.7922,36042,8.6735,0,129
1256,4.2101E+11,75400,17.313,36283,5.0808,3.2333,108
1257,4.2101E+11,64100,19.1348,24609,5.625,12.5,210
1258,4.2101E+11,57400,7.1207,45481,0,21.3873,74
1259,4.2101E+11,54300,10.8291,25517,12.381,4.0476,200
1260,4.2101E+11,52100,9.5912,35000,0,5.1948,218
1261,4.2101E+11,46000,6.2731,27731,2.4523,5.9946,265
1262,4.2101E+11,59100,4.3353,28036,6.0291,1.8711,233
1263,4.2101E+11,51100,5.7953,34128,10.0379,7.0076,245
1264,4.2101E+11,50300,17.3193,37500,7.1429,3.6797,140
1265,4.2101E+11,50900,8.4507,27614,8.3205,6.7797,531
1266,4.2101E+11,57900,10.7639,42083,0,21.5909,131
1267,4.2101E+11,50700,8.6059,33250,9.0164,15.3005,153
1268,4.2101E+11,52800,35.1525,29943,0,11.2903,100
1269,4.2101E+11,54500,6.2687,30744,15.4195,17.6871,216
1270,4.2101E+11,53000,12.1245,35714,8.5487,10.7356,296
1271,4.2101E+11,65700,16.1547,41859,4.6125,0,375
1272,4.2101E+11,55900,12.5161,25272,6.8966,3.854,419
1273,4.2101E+11,55000,10.6299,32273,10.3659,8.8415,306
1274,4.2101E+11,52200,7.4883,34375,6.2112,3.4161,140
1275,4.2101E+11,58700,11.8644,31630,8.1772,9.029,277
1276,4.2101E+11,54900,4.4743,29821,9.0226,1.8797,88
1277,4.2101E+11,55000,6.2201,28646,25.6311,7.1845,271
1278,4.2101E+11,62500,7.9696,34188,10.8959,8.9588,70
1279,4.2101E+11,65200,6.901,9472,0,1.5203,382
1280,4.2101E+11,49000,17.5806,38199,7.398,7.6531,93
1281,4.2101E+11,41600,11.2847,37632,9.7923,10.3858,103
1282,4.2101E+11,37200,5.9701,32361,9.4545,0,291
1283,4.2101E+11,37600,11.7096,15833,10.0671,6.0403,142
1284,4.2101E+11,51800,4.5714,24167,12.8527,9.0909,122
1285,4.2101E+11,55800,9.0121,31781,16.9903,3.6408,176
1286,4.2101E+11,53400,3.75,20536,13.7821,0,135
1287,4.2101E+11,48700,4.918,10197,5.7592,5.4974,306
1288,4.2101E+11,59200,3.4188,35357,9.058,7.971,246
1289,4.2101E+11,57600,8.4125,33143,7.3113,4.4811,197
1290,4.2101E+11,64000,15.0628,22181,12.1094,6.25,157
1291,4.2101E+11,61800,3.3537,26823,6.7308,0,131
1292,4.2101E+11,46600,5.0877,31108,9.8266,11.8497,52
1293,4.2101E+11,55600,8.7619,26371,15.0134,5.3619,295
1294,4.2101E+11,61200,9.5823,25224,5.2006,1.9316,396
1295,4.2101E+11,43900,9.1503,28182,0,0,0
1296,4.2101E+11,34900,0.7707,28929,12.6615,3.6176,163
1297,4.2101E+11,39000,7.3099,28583,3.8961,11.6883,134
1298,4.2101E+11,42700,4.7368,25263,6.6838,12.8535,324
1299,4.2101E+11,34200,2.3529,20250,23.1771,9.8958,331
1300,4.2101E+11,41700,0,31705,7.8358,7.0896,148
1301,4.2101E+11,44200,8.8889,35156,8.2569,2.2936,32
1302,4.2101E+11,37600,2.439,31750,9,4,226
1303,4.2101E+11,31900,6.7335,24432,7.7449,1.8223,383
1304,4.2101E+11,21400,9.8726,18229,10.4396,15.9341,467
1305,4.2101E+11,39900,5.4,27031,5.3333,2.4,251
1306,4.2101E+11,57400,10.7635,45104,6.4877,10.2908,226
1307,4.2101E+11,38500,4.3373,31458,19.917,0,268
1308,4.2101E+11,38900,6.6079,33100,19.5467,7.6487,277
1309,4.2101E+11,41600,0,30556,12.6087,18.6957,113
1310,4.2101E+11,54800,13.2791,39167,0,5.0251,70
1311,4.2101E+11,49200,6.3877,40326,8.8372,0,41
1312,4.2101E+11,43500,12.2029,32679,6.4039,5.4187,329
1313,4.2101E+11,53900,19.6078,28352,10.9649,8.3333,212
1314,4.2101E+11,58500,6.2171,26250,56.6766,2.819,172
1315,4.2101E+11,57300,17.4658,47891,0,20.3883,53
1316,4.2101E+11,56300,12.1359,24722,25.8621,9.4828,157
1317,4.2101E+11,48900,15.864,24788,8.0169,0,49
1318,4.2101E+11,54900,10.0437,30216,4.4983,13.4948,347
1319,4.2101E+11,38500,10.6729,40250,6.9343,6.2044,334
1320,4.2101E+11,41300,4.5455,9922,12.6437,9.7701,114
1321,4.2101E+11,33100,1.2937,25347,8.7475,1.7893,362
1322,4.2101E+11,43600,7.1667,30139,24.3176,2.2333,309
1323,4.2101E+11,46800,3.2986,23750,12.8146,1.8307,139
1324,4.2101E+11,51000,5.3726,16140,22.8381,2.8825,415
1325,4.2101E+11,46400,12.5604,35208,24.2424,0,185
1326,4.2101E+11,48000,4.4077,26850,7.9007,3.6117,188
1327,4.2101E+11,46500,3.4951,31071,5.8104,9.4801,371
1328,4.2101E+11,38700,3.4833,32946,13.2251,4.8724,316
1329,4.2101E+11,45000,0,14792,56.5217,0,20
1330,4.2101E+11,35800,0,27656,19.8529,18.3824,127
1331,4.2101E+11,25900,0,17188,5.6452,5.6452,245
1332,4.2101E+11,45300,9.1266,34076,7.4766,13.7072,307
1333,4.2101E+11,42900,0,34018,22.7848,8.0169,95
1334,4.2101E+11,53100,9.4059,21286,5.1724,16.3793,255
1335,4.2101E+11,49500,6.3776,36364,10.4167,12.9167,143
1336,4.2101E+11,39200,8.9253,37778,10.9756,4.2683,198
1337,4.2101E+11,45800,7.0492,21121,11.809,12.5628,414
1338,4.2101E+11,45100,9.7561,23833,10.5051,9.899,354
1339,4.2101E+11,41200,5.4,28795,8.6154,20.3077,291
1340,4.2101E+11,41400,7.5472,29955,7.4074,6.6667,165
1341,4.2101E+11,50700,1.5823,27760,5.9361,11.8721,243
1342,4.2101E+11,27300,10.3659,17054,6.5574,15.5738,120
1343,4.2101E+11,46900,10.4972,25682,11.9048,11.9048,95
1344,4.2101E+11,33400,2.7344,16000,6.5574,13.1148,185
1345,4.2101E+11,40700,8.805,29500,6.1453,13.4078,276
1346,4.2101E+11,38100,4.1045,22604,10.219,14.5985,85
1347,4.2101E+11,40400,6.3966,31875,5.9055,7.874,194
1348,4.2101E+11,36500,0,18618,10.4396,10.989,222
1349,4.2101E+11,30000,6.3872,20163,13.8462,16.6667,272
1350,4.2101E+11,46100,5.3125,17321,3.9409,28.0788,255
1351,4.2101E+11,46700,7.7228,27826,13.961,4.2208,363
1352,4.2101E+11,41600,21.4679,24476,9.375,3.9063,231
1353,4.2101E+11,42200,6.8627,23594,6.6414,6.0721,505
1354,4.2101E+11,41100,0,26393,7.2438,11.4841,594
1355,4.2101E+11,44600,4.7904,28250,8.4239,7.337,362
1356,4.2101E+11,45100,7.9295,29698,4.6025,4.1841,187
1357,4.2101E+11,39400,2.7397,29464,6.0311,2.7237,477
1358,4.2101E+11,43800,4.2614,24130,9.324,12.3543,385
1359,4.2101E+11,44000,10.3896,20139,13.3621,6.4655,285
1360,4.2101E+11,62400,4.9628,28906,6.6964,14.2857,106
1361,4.2101E+11,57800,16.2011,36544,2.4064,1.8717,189
1362,4.2101E+11,59800,8.6735,45481,0,11.7949,86
1363,4.2101E+11,64400,10.1053,42250,3.6,0,49
1364,4.2101E+11,43700,3.609,21979,15.9574,10,547
1365,4.2101E+11,61100,2.2923,37596,3.1674,0,177
1366,4.2101E+11,56100,16.4384,33750,4,14,71
1367,4.2101E+11,51800,8.2803,34226,8.3682,17.9916,0
1368,4.2101E+11,55600,13,34423,11.3537,3.4934,90
1369,4.2101E+11,58700,7.0529,41316,3.1963,5.4795,55
1370,4.2101E+11,46900,8.1535,40741,5.1282,14.9573,128
1371,4.2101E+11,52000,13.3721,37125,9.0278,9.375,197
1372,4.2101E+11,60900,5.8462,18125,15.4074,12.8889,449
1373,4.2101E+11,49900,7.7315,28824,8.9474,9.4737,699
1374,4.2101E+11,78700,13.1749,43194,6.4516,3.9427,25
1375,4.2101E+11,94100,12.3596,73438,0,9.4118,115
1376,4.2101E+11,54200,8.3507,34167,6.4815,1.3889,105
1377,4.2101E+11,40200,9.3541,22813,14.5329,18.3391,93
1378,4.2101E+11,41000,19.0476,29583,10,3.8889,71
1379,4.2101E+11,40200,8.577,17321,24.94,21.1031,493
1380,4.2101E+11,32300,5.364,15500,18.7215,13.242,216
1381,4.2101E+11,36600,13.8298,12375,7.6923,20.7692,137
1382,4.2101E+11,36800,5.7143,20370,18.0272,13.2653,378
1383,4.2101E+11,37400,8.5911,19688,17.7419,19.3548,198
1384,4.2101E+11,27300,1.0753,25455,7.6677,3.1949,273
1385,4.2101E+11,47700,4.507,16528,17.3913,19.1304,307
1386,4.2101E+11,22400,2.1739,22161,18.4615,7.6923,151
1387,4.2101E+11,58600,8.3851,28144,9.6535,9.1584,147
1388,4.2101E+11,75000,15.7895,24118,7.5,17.5,9
1389,4.2101E+11,37500,6.1404,34318,0,6.9444,20
1390,4.2101E+11,47400,5.3963,27361,13.1765,6.1176,210
1391,4.2101E+11,31000,9.0604,23214,10.0529,3.7037,94
1392,4.2101E+11,50400,4.9815,31731,3.0928,5.1546,167
1393,4.2101E+11,42400,1.3722,31830,7.5949,6.5823,169
1394,4.2101E+11,34100,0,28542,11.9048,3.1746,52
1395,4.2101E+11,40300,10.8527,24583,8.0925,6.9364,142
1396,4.2101E+11,40800,7.6063,19792,9.9448,8.5635,318
1397,4.2101E+11,45000,12.1076,19345,4.4586,0,67
1398,4.2101E+11,38300,6.383,21307,5.8091,0,115
1399,4.2101E+11,36600,6.25,25909,14.3603,4.4386,185
1400,4.2101E+11,39400,1.1236,20469,9.0909,6.25,376
1401,4.2101E+11,36000,9.0226,12000,6.4935,20.7792,95
1402,4.2101E+11,35000,9.7324,21094,3.2864,13.1455,134
1403,4.2101E+11,33200,1.5203,14853,14.4989,6.823,662
1404,4.2101E+11,56600,16.6667,41250,0.8584,0,47
1405,4.2101E+11,38500,8.3969,20750,3.0303,2.2039,273
1406,4.2101E+11,33300,7.8767,18854,23.7251,8.204,291
1407,4.2101E+11,34700,12.0301,24896,37.5546,17.0306,81
1408,4.2101E+11,44100,4.8649,35750,15.625,4.6875,55
1409,4.2101E+11,38100,2.8777,17756,8.311,2.681,293
1410,4.2101E+11,39200,13.093,25392,16.4634,11.3415,478
1411,4.2101E+11,38900,0,22500,15.4856,2.8871,381
1412,4.2101E+11,47500,11.6142,27813,21.8137,1.9608,235
1413,4.2101E+11,55200,15.1268,21728,13.2716,3.1893,499
1414,4.2101E+11,57600,12.959,35457,9.7792,23.6593,102
1415,4.2101E+11,59200,12.5201,37750,8.0925,19.0751,210
1416,4.2101E+11,89000,12.6016,43214,0,21.0526,5
1417,4.2101E+11,76300,27,64844,1.9481,2.9221,115
1418,4.2101E+11,52400,7.1895,37188,14.0704,0,146
1419,4.2101E+11,49700,6.7976,27852,9.4456,9.4456,311
1420,4.2101E+11,54100,8.9219,40431,5.5662,8.6372,139
1421,4.2101E+11,75000,39.3189,47105,1.2048,4.0161,100
1422,4.2101E+11,94500,4.8673,39875,0.8403,13.4454,0
1423,4.2101E+11,57000,11.0692,45238,6.9498,4.8263,142
1424,4.2101E+11,53400,12.854,39423,9.4961,3.876,98
1425,4.2101E+11,55700,1.9444,15208,0,6.746,306
1426,4.2101E+11,49300,5.8559,30250,9.3525,0,219
1427,4.2101E+11,48000,8.1206,35727,4.2105,5.614,89
1428,4.2101E+11,52700,10.9162,30069,3.8596,2.807,156
1429,4.2101E+11,63600,7.2356,40216,0,5.8659,195
1430,4.2101E+11,48100,7.9137,23894,20.4301,0,99
1431,4.2101E+11,48900,5.0685,32330,16.3265,2.0408,139
1432,4.2101E+11,47200,3.0686,24167,3.6313,3.9106,218
1433,4.2101E+11,58800,17,31685,15.2466,10.7623,117
1434,4.2101E+11,72400,15.1179,26955,6.0109,7.286,81
1435,4.2101E+11,53200,15.304,37250,4.4218,3.9116,121
1436,4.2101E+11,52000,6.9193,34922,6.4815,2.5132,383
1437,4.2101E+11,58400,7.3446,34348,6.8311,13.093,162
1438,4.2101E+11,81900,22.5263,41154,5.0725,19.9275,26
1439,4.2101E+11,58500,13.6182,35200,6.9767,6.3425,80
1440,4.2101E+11,59900,13.9219,35990,2.9178,4.5093,58
1441,4.2101E+11,61700,18.5286,45769,0,2.2624,79
1442,4.2101E+11,83000,9.9746,31848,4.2017,2.8011,30
1443,4.2101E+11,66000,5.5804,41750,5.4422,0,37
1444,4.2101E+11,71900,15.0602,30943,6.2706,15.1815,49
1445,4.2101E+11,62700,13.4328,34205,4.7022,10.6583,63
1446,4.2101E+11,77300,22.7898,41964,6.7485,14.1104,47
1447,4.2101E+11,77000,17.7966,50745,6.2678,23.0769,55
1448,4.2101E+11,68400,9.5238,33889,0,0,75
1449,4.2101E+11,82200,22.449,50625,11.5538,18.3267,38
1450,4.2101E+11,87000,16.3934,25595,8.1996,16.221,139
1451,4.2101E+11,86800,16.9456,38696,3.5971,27.6978,52
1452,4.2101E+11,79800,20.0688,36034,5.1948,4.7078,134
1453,4.2101E+11,83200,19.8547,44375,6.3745,17.1315,157
1454,4.2101E+11,98300,32.5342,58500,0,41.3408,48
1455,4.2101E+11,96800,35.9922,59737,3.5573,13.0435,39
1456,4.2101E+11,85200,19.1155,61136,0,8.5427,34
1457,4.2101E+11,86700,21.9802,32262,3.7543,20.8191,30
1458,4.2101E+11,89500,9.6774,43819,4.8223,19.2893,65
1459,4.2101E+11,68100,22.9102,42750,2.6882,6.9892,36
1460,4.2101E+11,67200,9.4567,44766,3.9216,0,50
1461,4.2101E+11,70600,16.9271,28958,4.4834,1.9493,189
1462,4.2101E+11,101700,12.7072,45556,4.0161,15.261,156
1463,4.2101E+11,84500,17.2277,58125,4.947,11.6608,61
1464,4.2101E+11,116400,19.8276,45179,0,60.5839,28
1465,4.2101E+11,112500,14.0741,32679,6.8182,88.6364,11
1466,4.2101E+11,67300,16.6667,41250,8.8757,7.3964,58
1467,4.2101E+11,78900,24.4966,40865,0,14.5833,40
1468,4.2101E+11,81700,25.8206,29091,0,13.7931,96
1469,4.2101E+11,84900,11.0638,42109,0,7.3973,89
1470,4.2101E+11,82000,22.906,41563,6.8421,8.6842,112
1471,4.2101E+11,56800,7.6462,37500,6.8075,10.3286,173
1472,4.2101E+11,60300,9.8814,39500,6.1151,0,60
1473,4.2101E+11,57400,13.6473,34087,5.423,0,144
1474,4.2101E+11,62400,13.2005,39412,6.5292,3.7801,155
1475,4.2101E+11,60700,15.2364,43019,3.794,4.878,92
1476,4.2101E+11,55400,2.1898,35273,10.3321,2.214,110
1477,4.2101E+11,58400,9.9609,46806,3.2967,0,56
1478,4.2101E+11,61900,7.7938,37895,6.7568,0,240
1479,4.2101E+11,55700,20.2492,27019,7.2727,6.5455,141
1480,4.2101E+11,56700,9.5238,38869,6.9277,3.012,80
1481,4.2101E+11,62200,21.6028,37656,0,0,54
1482,4.2101E+11,58000,14.3951,37500,6.6826,1.432,147
1483,4.2101E+11,62900,13.4045,44615,5.9574,3.4043,93
1484,4.2101E+11,72900,11.6667,30909,0,0,98
1485,4.2101E+11,62400,14.382,43365,5.4945,0,94
1486,4.2101E+11,65400,20.7576,34135,4.336,4.878,136
1487,4.2101E+11,58300,20.9337,36912,5.2192,0,253
1488,4.2101E+11,61200,19.8686,46250,7.027,10,93
1489,4.2101E+11,58600,19.9262,31818,5.2786,0,135
1490,4.2101E+11,59600,14.1026,29236,5.0955,3.5032,105
1491,4.2101E+11,63800,12.8778,40385,1.9027,2.537,230
1492,4.2101E+11,65600,10.4077,31435,3.8182,6.5455,461
1493,4.2101E+11,65400,14.0299,30625,0,5.6604,250
1494,4.2101E+11,62000,15.3215,28571,3.8724,4.1002,132
1495,4.2101E+11,63800,22.187,32765,11.7962,6.1662,202
1496,4.2101E+11,61900,8.1633,32917,7.5875,9.144,118
1497,4.2101E+11,61900,15.4567,47083,3.7549,1.1858,92
1498,4.2101E+11,62900,14.058,37574,3.6954,0,186
1499,4.2101E+11,69500,13.2009,39861,7.9505,1.5901,77
1500,4.2101E+11,72900,15.0259,35577,6.5109,1.3356,77
1501,4.2101E+11,78300,21.202,42500,1.3774,3.0303,41
1502,4.2101E+11,74600,21.966,47422,4.375,0,117
1503,4.2101E+11,71200,4.0783,30640,2.6648,1.122,59
1504,4.2101E+11,80800,20.9459,35313,6.6015,0,59
1505,4.2101E+11,71400,15.2203,45313,4.2424,6.8687,47
1506,4.2101E+11,73100,18.2493,40238,1.8913,0,72
1507,4.2101E+11,74600,12.3003,53125,8.0292,0,25
1508,4.2101E+11,72200,9.713,39545,3.3088,0,6
1509,4.2101E+11,58100,6.0827,34583,0,0,51
1510,4.2101E+11,59200,11.8943,43988,7.197,0,40
1511,4.2101E+11,66900,12,34458,4.7059,0,108
1512,4.2101E+11,72200,13.1757,44196,5.2023,0,8
1513,4.2101E+11,74500,17.7725,31806,0,3.6,28
1514,4.2101E+11,78500,7.6923,46429,3.0211,3.6254,16
1515,4.2101E+11,69900,8.4211,33281,2.5862,0,19
1516,4.2101E+11,61700,8.5437,24907,5.3125,0,69
1517,4.2101E+11,52600,13.4615,26623,3.4934,0,59
1518,4.2101E+11,62400,14.7815,37022,3.7475,4.3393,55
1519,4.2101E+11,59700,4.1333,42222,5.3498,2.0576,14
1520,4.2101E+11,65500,11.1351,50000,5.5077,0,110
1521,4.2101E+11,63300,9.0909,33235,2.0134,0,52
1522,4.2101E+11,56200,15.6398,36979,6.4593,2.3923,72
1523,4.2101E+11,56300,14.5125,31830,1.5504,0,83
1524,4.2101E+11,59600,9.5339,35568,3.5948,0,10
1525,4.2101E+11,63700,14.2857,28802,11.7904,2.6201,59
1526,4.2101E+11,62700,6.0698,42386,4.6229,6.0827,35
1527,4.2101E+11,59100,7.5391,38446,7.7951,10.6904,126
1528,4.2101E+11,59600,11.3173,31579,3.2154,23.7942,78
1529,4.2101E+11,56300,10.8696,36298,7.5758,17.803,41
1530,4.2101E+11,55300,6.4327,36339,8.6957,4.3478,20
1531,4.2101E+11,50000,17.6923,40521,0,4.7337,56
1532,4.2101E+11,64600,5.0725,36742,5.6075,4.6729,51
1533,4.2101E+11,62900,8.958,39653,1.1561,3.1792,80
1534,4.2101E+11,57500,6.4607,34408,4.7059,0,135
1535,4.2101E+11,61300,4.6589,28421,3.0581,5.1988,70
1536,4.2101E+11,58100,4.7468,35556,5.7831,1.4458,94
1537,4.2101E+11,56200,0,27000,5.314,3.8647,78
1538,4.2101E+11,56300,16.3978,33750,0,4.4693,7
1539,4.2101E+11,56500,5.9545,39118,4.3373,2.1687,81
1540,4.2101E+11,58200,3.3333,29943,7.2848,6.6225,180
1541,4.2101E+11,51800,5.7576,43266,13.8173,9.1335,112
1542,4.2101E+11,62300,6.25,24205,9.6234,22.1757,81
1543,4.2101E+11,48700,11.5044,27045,10.9415,7.3791,161
1544,4.2101E+11,50300,13.5647,20192,11.4679,15.5963,141
1545,4.2101E+11,40800,0,31250,10.1449,10.1449,32
1546,4.2101E+11,55200,4.7101,41528,8.6486,3.7838,23
1547,4.2101E+11,51400,12.9676,30250,6.4516,2.8226,135
1548,4.2101E+11,55700,3.5398,32115,11.4504,10.3053,50
1549,4.2101E+11,49000,3.066,23036,7.0234,9.3645,105
1550,4.2101E+11,52700,4.0184,36111,4.5775,1.9366,51
1551,4.2101E+11,76100,11.7216,27708,0,13.6872,72
1552,4.2101E+11,77900,18.1818,33421,8.4158,16.3366,7
1553,4.2101E+11,62100,15.4605,41528,19.8276,2.5862,24
1554,4.2101E+11,46900,8.7336,26875,16.2069,10.3448,75
1555,4.2101E+11,53100,19.0476,30417,19.788,20.8481,90
1556,4.2101E+11,47500,6.993,31607,9.292,0,157
1557,4.2101E+11,61500,8.0483,36100,5.5105,4.2139,218
1558,4.2101E+11,70900,19.0751,51063,8.1325,6.6265,80
1559,4.2101E+11,67600,10.6084,44471,8.0402,2.2613,44
1560,4.2101E+11,73400,5.0781,36974,0,15.2318,143
1561,4.2101E+11,64400,8.3333,45809,3.9683,5.9524,67
1562,4.2101E+11,57300,10.7456,31793,8,7,121
1563,4.2101E+11,65000,24.6377,30278,10.5769,8.6538,81
1564,4.2101E+11,59500,11.5854,23667,5.4795,6.8493,113
1565,4.2101E+11,68700,7.4681,34281,2.3102,19.1419,38
1566,4.2101E+11,40700,0,22679,0,0,27
1567,4.2101E+11,28400,8.1395,27750,0,34.2857,19
1568,4.2101E+11,56300,4.7718,25781,11.9658,12.2507,145
1569,4.2101E+11,50500,8.3051,34722,11.9534,14.5773,81
1570,4.2101E+11,52900,5.9459,39276,4.0598,4.9145,107
1571,4.2101E+11,81500,12.5786,30909,6.8536,17.757,154
1572,4.2101E+11,80300,10.8541,39167,4.6784,10.8187,82
1573,4.2101E+11,60700,6.2099,30875,8.1272,0,22
1574,4.2101E+11,62000,7.3123,35469,3.0508,0,27
1575,4.2101E+11,61300,7.0254,32019,6.7114,2.9083,230
1576,4.2101E+11,44200,6.5744,23611,14.4928,0,149
1577,4.2101E+11,59400,12.3236,40112,5.4054,12.6126,153
1578,4.2101E+11,67600,6.7114,31587,0,0,84
1579,4.2101E+11,58100,7.438,34453,3.8596,0,52
1580,4.2101E+11,57200,5.9701,38068,4.4601,0,105
1581,4.2101E+11,65100,25.9098,31667,8.6168,3.6281,240
1582,4.2101E+11,64600,9.9842,29643,8.6168,6.576,130
1583,4.2101E+11,67700,12.7778,35714,2.994,10.1796,34
1584,4.2101E+11,71700,17.5066,42258,4.6053,5.2632,72
1585,4.2101E+11,70000,21.1353,39855,6.3319,1.9651,86
1586,4.2101E+11,74900,22.9448,40375,4.486,1.3084,60
1587,4.2101E+11,80600,13.7369,44375,1.7274,0,271
1588,4.2101E+11,83000,11.491,31429,5.1622,9.587,73
1589,4.2101E+11,82600,29.5455,35577,10.0402,2.4096,43
1590,4.2101E+11,90900,10.0858,54792,0,6.2241,0
1591,4.2101E+11,91400,19.5335,43929,0,3.1847,0
1592,4.2101E+11,96000,26.1329,51250,3.6176,6.2016,65
1593,4.2101E+11,90900,11.4499,24077,4.2945,3.5276,163
1594,4.2101E+11,98900,20.6532,39911,3.577,28.9269,76
1595,4.2101E+11,120900,27.3885,59286,2.5641,79.4872,0
1596,4.2101E+11,100700,31.8095,36136,3.4682,30.6358,30
1597,4.2101E+11,95100,19.6927,55417,0,24.4444,17
1598,4.2101E+11,86500,18.6935,27610,4.329,6.4935,139
1599,4.2101E+11,83800,19.1052,32964,4.9236,0,189
1600,4.2101E+11,99000,25.062,44444,3.3195,18.6722,92
1601,4.2101E+11,84500,10.8548,36528,4.7273,8,27
1602,4.2101E+11,85700,22.8261,36210,3.1359,5.5749,78
1603,4.2101E+11,86800,13.7019,33421,3.6885,14.7541,57
1604,4.2101E+11,79900,13.615,47431,3.4091,4.9242,21
1605,4.2101E+11,88000,26.0989,45607,3.527,9.1286,79
1606,4.2101E+11,95200,18.5185,40647,7.3903,27.0208,140
1607,4.2101E+11,88100,12.536,53500,2.2831,34.9315,66
1608,4.2101E+11,91500,17.9158,28882,4.5191,8.8065,264
1609,4.2101E+11,108000,16.8919,34583,4.2386,14.4427,235
1610,4.2101E+11,104400,18.2186,48103,4.8485,23.6364,64
1611,4.2101E+11,91500,22.8867,23151,3.5593,6.1017,393
1612,4.2101E+11,86000,23.4828,31875,6.1856,12.3711,100
1613,4.2101E+11,91300,31.2024,45417,4.4118,10.8824,48
1614,4.2101E+11,83800,19.596,43281,5.178,10.0324,63
1615,4.2101E+11,102900,17.5345,40906,4.0816,10.8418,146
1616,4.2101E+11,85000,22.1111,50278,0,1.9417,149
1617,4.2101E+11,83100,20.9516,30721,3.9474,1.3158,218
1618,4.2101E+11,95800,21.5034,28896,1.0806,0.7859,285
1619,4.2101E+11,95000,11.6046,28750,7.7844,16.9661,127
1620,4.2101E+11,87600,16.7033,36172,4.1353,32.3308,69
1621,4.2101E+11,88700,12,46992,6.7633,20.7729,146
1622,4.2101E+11,86900,11.6603,39643,0,17.5115,81
1623,4.2101E+11,109800,20.0686,36417,3.183,38.1963,52
1624,4.2101E+11,93000,21.8713,31622,9.0323,18.2258,105
1625,4.2101E+11,97800,23.3564,63750,1.3468,25.9259,34
1626,4.2101E+11,111100,15.204,47446,2.2113,23.8329,59
1627,4.2101E+11,93200,15.7609,45357,3.1792,18.7861,101
1628,4.2101E+11,102600,11.8143,34667,0,67.1815,63
1629,4.2101E+11,119100,21.2891,38750,2.8939,38.5852,60
1630,4.2101E+11,94100,16.2621,25583,4.0453,11.3269,190
1631,4.2101E+11,109000,14.5329,39167,4.6243,23.1214,67
1632,4.2101E+11,118600,42.4242,36406,8.2251,23.5931,30
1633,4.2101E+11,95800,16.129,55500,5.3269,14.0436,74
1634,4.2101E+11,102400,22.4313,40208,2.7197,6.9038,60
1635,4.2101E+11,113200,29.454,44196,2.9026,5.3905,266
1636,4.2101E+11,124000,6.1224,68750,8.3333,54.1667,14
1637,4.2101E+11,117400,23.7945,36354,2.9948,25.7813,121
1638,4.2101E+11,99500,16.5733,49295,2.1442,41.9103,32
1639,4.2101E+11,116100,24.3243,60638,1.4907,44.8447,59
1640,4.2101E+11,169000,45.0472,78825,0,100,5
1641,4.2101E+11,170100,42.4121,86214,0.6726,97.5336,36
1642,4.2101E+11,94700,24.8665,30307,3.9519,4.1237,291
1643,4.2101E+11,95300,25.5007,23571,3.864,7.0582,652
1644,4.2101E+11,83300,37.7788,41345,3.0636,8.1697,285
1645,4.2101E+11,110900,19.0951,28229,3.3688,1.0638,326
1646,4.2101E+11,100300,17.5206,52353,1.9672,6.776,181
1647,4.2101E+11,93100,12.6528,40019,3.901,1.3321,200
1648,4.2101E+11,89100,9.2199,38466,3.1524,10.5079,29
1649,4.2101E+11,88300,10.3496,40709,3.8119,3.1766,178
1650,4.2101E+11,99900,12.1377,56103,2.3669,1.7751,14
1651,4.2101E+11,141400,27.5936,55714,1.6393,93.4426,16
1652,4.2101E+11,14600,11.5216,34821,3.1818,2.9545,249
1653,4.2101E+11,80300,13.1555,46384,1.7405,0,124
1654,4.2101E+11,83000,17.4,35396,5.3162,1.5582,362
1655,4.2101E+11,96800,21.6832,46944,2.673,55.5031,82
1656,4.2101E+11,87100,9.1049,49500,1.7143,50,27
1657,4.2101E+11,93800,13.9485,43906,0,95.4955,76
1658,4.2101E+11,101600,20.4908,41736,0.9195,19.7701,66
1659,4.2101E+11,92100,12.7241,40707,5.7143,4.2365,263
1660,4.2101E+11,94800,15.2207,39722,4.0964,6.747,43
1661,4.2101E+11,58600,4.8462,22208,10.4603,5.8577,943
1662,4.2101E+11,66300,9.5179,40877,4.6103,8.3425,315
1663,4.2101E+11,69300,3.0888,32546,6.1224,9.0379,187
1664,4.2101E+11,75500,9.4945,31773,7.0796,7.6106,139
1665,4.2101E+11,85800,22.6781,36354,4.5433,5.2388,235
1666,4.2101E+11,86500,15.6315,52019,3.7199,30.4158,47
1667,4.2101E+11,94400,23.3516,56034,3.2727,21.4545,133
1668,4.2101E+11,121400,20.3455,47308,0,64.4444,34
1669,4.2101E+11,111200,6.2661,41518,4.4248,51.3274,102
1670,4.2101E+11,84600,6.8759,51920,3.3613,2.9412,148
1671,4.2101E+11,82800,7.4031,45984,0,0,144
1672,4.2101E+11,92400,13.1295,43672,8.4211,0,42
1673,4.2101E+11,87600,17.234,43289,2.7778,2.4573,89
1674,4.2101E+11,93800,12.0325,42660,2.5641,16.3343,119
1675,4.2101E+11,100300,21.2514,50809,4.1026,21.1282,72
1676,4.2101E+11,133200,18.8427,35652,3.9521,42.515,154
1677,4.2101E+11,109600,25,28342,3.1405,6.5289,427
1678,4.2101E+11,103200,23.4593,34464,3.0928,14.9088,175
1679,4.2101E+11,142200,20.0903,37787,3.2735,53.0095,133
1680,4.2101E+11,148700,20.7101,50956,0,100,77
1681,4.2101E+11,101800,18.5574,43393,2.332,21.5364,213
1682,4.2101E+11,155400,28.6541,58750,0,92.236,201
1683,4.2101E+11,100700,31.4884,41479,2.7074,2.8821,341
1684,4.2101E+11,101200,26.7925,32283,4.3077,0.9231,351
1685,4.2101E+11,95700,32.6408,27778,5.3261,0.6522,642
1686,4.2101E+11,90400,22.49,29202,5.0909,4,401
1687,4.2101E+11,112000,15.6408,46944,3.038,55.1899,112
1688,4.2101E+11,108300,27.1978,47273,0,12.9808,66
1689,4.2101E+11,112900,38.88,75584,0,12.1818,30
1690,4.2101E+11,130300,17.3246,49450,0.4348,64.3478,18
1691,4.2101E+11,103800,25.9695,45781,2.7381,20.3571,128
1692,4.2101E+11,116000,23.4269,38214,1.2079,30.1984,360
1693,4.2101E+11,121200,21.4478,45539,2.4857,38.8145,207
1694,4.2101E+11,93000,22.1076,51328,10.322,5.1197,132
1695,4.2101E+11,106600,21.6596,52500,0,97.5741,22
1696,4.2101E+11,88300,13.9253,39861,3.1175,1.279,159
1697,4.2101E+11,87200,19.9301,49663,0,0,50
1698,4.2101E+11,87000,9.98,56034,1.4085,0,98
1699,4.2101E+11,86000,16.5477,48750,2.9919,2.4166,280
1700,4.2101E+11,99100,15.7895,51406,0,9.3651,25
1701,4.2101E+11,116400,17.9786,70982,2.0089,45.7589,17
1702,4.2101E+11,88000,14.0432,57917,4.0476,9.7619,82
1703,4.2101E+11,85500,6.9683,45694,5.3659,4.5528,67
1704,4.2101E+11,97900,14.143,46724,1.3532,7.5778,20
1705,4.2101E+11,135700,39.2473,86182,0,51.0989,29
1706,4.2101E+11,95200,15.6956,67656,2.0942,0,9
1707,4.2101E+11,91400,21.3202,65650,2.8381,20.2003,106
1708,4.2101E+11,87800,11.5922,56806,3.9851,0.9963,173
1709,4.2101E+11,80700,14.7826,43988,4.291,7.8358,124
1710,4.2101E+11,80300,4.9724,50750,4.5792,7.0545,94
1711,4.2101E+11,89600,13.6828,44926,1.8735,8.4309,129
1712,4.2101E+11,89400,8.8688,61944,0,1.5152,28
1713,4.2101E+11,86600,12.7451,48333,1.0084,1.0084,154
1714,4.2101E+11,89800,15.5268,59302,0.7874,1.7717,34
1715,4.2101E+11,95000,5.8219,51250,0,0,0
1716,4.2101E+11,112300,19.724,56506,0,24.565,153
1717,4.2101E+11,137000,25.579,42329,5.1948,26.1738,114
1718,4.2101E+11,131800,31.7159,42348,5.0887,38.0879,314
1719,4.2101E+11,149500,21.8816,62353,0,64.6809,70
1720,4.2101E+11,223800,76.951,87027,0,2.0151,35
