POLY_ID,MEDHVAL,PCTBACHMOR,MEDHHINC,PCTVACANT,PCTSINGLES
1,225000,64.4737,49107,13.2075,11.3208
2,181900,78.7805,46304,0,0
3,225000,45,26875,0,42.8571
4,113600,64.3564,49375,7.75,0
5,126200,13.069,9432,9.7387,0
6,55000,32.6087,2499,0,0
7,194400,63.5319,47143,12.9228,3.3825
8,43800,43.7323,31981,9.2357,0
9,45000,38.3754,11923,8.6165,0
10,450000,27.0655,10515,24.3671,0
11,225000,71.5566,41563,16.7732,0
12,225000,61.8785,45556,17.8161,6.3218
13,58300,58.6667,33550,6.8293,0
14,153700,81.0284,30511,6.6358,3.3951
15,120900,75.2469,44890,5.419,0
16,394400,86.6038,37765,10.3448,1.6799
17,233300,73.671,47346,8.874,0.8203
18,258500,84.4459,35682,5.3435,0.6246
19,328900,70.3463,34904,0,5.7851
20,318800,92.987,60385,7.5284,1.2784
21,295300,42.7329,14932,0,0
22,139300,77.7457,19129,11.0254,0.882
23,164100,69.2308,25729,12.8319,0.9956
24,162500,54.1056,20717,0,0
25,293200,58.481,117991,11.8081,2.214
26,215100,75.043,52070,0.3641,1.9417
27,185200,74.5604,64013,4.8872,0.5263
28,313500,78.6805,87819,9.2798,2.1468
29,265000,88.1356,41133,9.2643,3.2698
30,200000,76.3092,68333,3.7453,0
31,155800,46.9136,21771,4.1284,2.7523
32,109700,59.8198,33182,8.8421,2.1053
33,164400,63.7097,37578,0,6.326
34,211300,60.8059,38382,12.5954,0
35,239200,58.0524,43654,0,0
36,162500,70.767,35714,7.4664,0
37,144600,50.2381,31216,6.9364,6.0694
38,189000,87.2642,35882,6.5156,5.3824
39,229200,69.1235,40489,5.7906,0
40,264000,78.629,46964,4.8443,3.9792
41,258700,74.8993,53947,4.7525,8.1188
42,250500,80.776,74010,2.3438,5.2083
43,504200,73.4778,51858,3.9841,2.2576
44,444600,84.2805,39778,16.8208,0.578
45,89400,41.0169,32955,9.9526,6.1611
46,67100,20.4188,28750,17.5403,9.6774
47,40700,7.4163,21492,12.8378,4.7297
48,49000,7.5209,14038,10.6122,13.8776
49,45000,0,21413,23.913,14.1304
50,53500,14.4231,22857,15.9722,11.8056
51,132100,43.6214,26394,11.5385,4.3956
52,84400,14.3137,31563,17.3171,1.9512
53,59100,6.6,10346,20.3593,0
54,89200,10.6838,65272,20.2532,0
55,98000,56.9721,45250,7.8512,4.5455
56,66200,31.3433,29375,15.812,12.3932
57,83000,44.2561,31722,13.278,4.5643
58,111500,36.1765,27418,13.4565,2.6385
59,107400,42.9967,20250,18.1452,4.4355
60,162500,56.8075,50260,11.4688,4.829
61,203900,73.7401,40625,3.9216,1.3072
62,128400,35.2332,34050,7.8652,11.236
63,47500,17.0732,19519,23.5,3.5
64,225000,70.1456,50781,3.9604,2.3102
65,170800,67.3575,51705,7.0724,5.4276
66,160000,35.8543,44911,20.8696,4.3478
67,150000,65.3422,61250,0,2.6217
68,187000,67.4183,49643,5.891,5.3019
69,157200,59.0634,45000,13.0178,0
70,118000,41.4051,40855,0,0
71,93400,45.4082,39784,10.9272,2.649
72,89600,46.4037,36250,10.1818,2.9091
73,59200,31.6583,23289,8.6667,10.6667
74,28600,19.0476,30833,20.155,10.0775
75,225000,7.2464,22109,33.0357,16.9643
76,33200,3.1546,16696,20.8178,12.2677
77,45000,13.4715,25777,18.6667,12.6667
78,45400,6.7485,25179,24.8227,8.5106
79,62900,7.3718,21550,16.7224,6.3545
80,52400,19.4748,31467,28.1395,3.7209
81,29700,8.4034,21083,14.1935,12.9032
82,23900,0,24750,12.3077,0
83,25300,4.0541,17429,23.7354,21.0117
84,25500,2.1368,22115,13.6905,0
85,21900,0,17386,22.0183,5.0459
86,33100,10.8108,28017,20.8333,5.2083
87,22800,6.9106,19375,26.9076,3.6145
88,25200,10.8808,14922,22.0217,11.5523
89,41400,3.4483,27857,11.2903,0
90,29000,1.8561,21121,25.6098,0.9146
91,47100,25.0489,40778,13.4518,0
92,60000,10,16528,27.0903,0
93,18700,5.6452,22132,34.7656,2.7344
94,22800,15.2174,31250,19.5556,8.4444
95,69900,12.3746,29412,16.2791,9.7674
96,60000,28.2828,31731,5.1282,5.1282
97,48200,18.1395,26167,14.1509,5.6604
98,77200,39.946,37431,12.8514,6.6265
99,83500,42.2259,37500,6.6176,3.4314
100,73600,35.873,43214,21.2245,10.6122
101,62100,13.6207,28269,4.1534,9.2652
102,73800,27.9915,33750,4.7619,10.4167
103,63600,19.4836,33021,9.7744,17.2932
104,60900,16.5217,21420,33.125,0
105,52100,20.3636,26000,32.1168,11.6788
106,89400,33.4218,42098,17.5549,0
107,91000,37.8261,59107,10.8571,16.5714
108,90200,31.2775,42969,0,10.274
109,50800,15.3101,27794,15.4494,3.6517
110,76300,18.2979,29028,17.4847,13.4969
111,73500,23.2117,16277,22.292,6.4364
112,75000,5.1887,45433,0,4.7619
113,53000,10.9792,35000,12.6609,5.1502
114,64100,17.5559,14821,9.5477,8.5427
115,32800,7.1082,28365,27.6803,3.3138
116,40900,7.8176,22308,20.0861,3.1564
117,41000,8.8415,12319,14.6288,0
118,52200,18.6589,25625,12.9098,0
119,63100,32.613,49444,5.8496,2.2284
120,49300,13.7155,19467,8.7894,3.4826
121,40700,12.1658,28583,20.813,5.6911
122,37000,10.5053,16310,15.5819,12.6233
123,44700,1.5221,16027,9.8522,10.5911
124,64400,8.6902,28352,9.3361,2.0747
125,61500,10.3586,24875,9.2157,7.2549
126,53800,7.3418,20167,8.7452,8.7452
127,48900,3.8737,23656,7.6923,12.8205
128,53300,14.7727,21364,5.1546,5.6701
129,52800,15.4574,17619,5.8296,0
130,47500,22.108,24250,16.2455,4.3321
131,63600,8.6614,35125,13.0208,0
132,65800,19.1646,37639,7.2874,0
133,67800,39.7174,28125,8.8517,2.3923
134,69800,38.3268,30850,6.25,9.6875
135,57200,18.2796,27736,6.7568,2.7027
136,23600,10.6115,17125,16.5116,9.3023
137,38900,5.6582,29500,18.4746,11.8644
138,46300,13.8843,19688,11.5625,3.125
139,33800,12.26,19327,11.6162,18.9394
140,35100,6.5854,18750,9.4923,5.5188
141,41300,1.9342,11750,9.375,5.7292
142,37800,1.4151,32273,24.2667,6.4
143,25200,6.9583,15875,19.1257,14.7541
144,24700,0,17135,32.8244,12.9771
145,35700,0,18977,12.5,5.6452
146,36700,9.1623,18125,16.9435,13.9535
147,28100,4.0984,18750,17.3729,2.1186
148,30300,8.2148,15341,14.128,3.3113
149,30600,3.5573,19471,28.0488,10.2439
150,18300,0,14274,30.8901,0
151,18000,3.2787,19773,24.2105,4.2105
152,24000,3.4188,16300,21.4932,13.3484
153,37500,6.3158,16016,16.9884,10.0386
154,33800,0,11958,18.8776,0
155,31400,1.2868,35625,10.1449,12.1739
156,18800,5.868,24609,16.7883,7.2993
157,31900,1.9608,17378,17.6781,11.6095
158,23600,8.8542,33125,10.596,20.5298
159,10600,24.5614,8516,0,42.8571
160,18900,0,33224,28.8973,3.8023
161,16200,0,20893,28.1081,2.973
162,31500,4.0043,24848,9.8315,3.5112
163,28800,10.9774,31713,10.3226,12.2581
164,27800,4.685,19352,8.4158,1.9802
165,25700,5.1429,20089,5,0
166,19800,6.0847,32656,14.6179,3.9867
167,13500,0,29821,28.7879,0
168,20400,0,19702,21.0191,3.1847
169,22500,6.9444,24722,25.6098,8.5366
170,19900,0,23750,11.2745,10.7843
171,37100,4.7101,19063,31.5574,9.4262
172,12600,4.158,6822,38.9928,4.3165
173,55700,1.3008,7183,29.1246,7.7441
174,41500,0,7301,14.3041,6.3144
175,53700,27.3523,43512,1.6949,0
176,52300,0,36705,3.7383,4.6729
177,60200,19.8276,31786,3.7736,0
178,44400,6.2176,22404,13.2841,0
179,34700,5.4517,27625,5.3476,2.139
180,36400,1.2048,28046,11.7268,5.2835
181,34000,7.5359,26071,15.27,6.3315
182,40100,1.5203,23150,17.0561,3.7383
183,51700,6.2069,27361,5.1786,1.6071
184,41600,3.2258,23125,6.0656,8.3607
185,40700,11.7773,31010,4.9057,3.3962
186,55600,8.0119,35096,5.2752,5.7339
187,75300,20.5706,42692,3.5264,7.3048
188,86700,10.6996,26513,2.9221,5.8442
189,137500,27.3973,68750,0,0
190,113400,37.7119,50096,0,0
191,76400,18.2679,50341,5.3864,6.3232
192,54900,10.1019,20427,11.0644,7.7031
193,59400,5.4217,31500,7.2674,3.343
194,60900,24.5913,31296,5.1282,4.0293
195,40300,11.9122,18859,9.2086,2.8777
196,67100,9.5193,33594,8.2119,4.9007
197,73100,8.8623,36442,5.0209,3.3473
198,83800,15.8022,54276,6.1602,1.4374
199,83400,7.9292,36201,4.2627,4.3779
200,59600,15.304,25104,11.1298,9.4435
201,53100,9.2968,26184,7.5125,0
202,65500,4.4,25000,5.5866,10.8939
203,64200,10.6928,29405,13.4216,7.3724
204,58700,9.9899,37786,4.8387,2.4194
205,69200,4.2591,26000,5.6213,4.8817
206,67500,11.7105,27404,7.8212,6.1453
207,63000,13.3504,29219,3.4908,2.0534
208,20300,3.7081,13397,23.8245,12.5392
209,20800,6.6474,20638,20.3252,10.7724
210,40600,7.3059,27025,10.7988,7.3964
211,44900,2.4,20286,19.1265,2.1084
212,26800,4.3165,20504,15.3186,11.5196
213,42200,4.5564,23800,12.167,8.0817
214,54200,1.061,23826,3.2751,0
215,53800,3.0075,25893,9.5159,7.1786
216,57500,3.5363,38403,0,0
217,61600,9.1904,30565,9.7633,0
218,52900,8.6124,32240,10.2535,7.6037
219,63100,5.3704,31786,13.3663,7.797
220,58200,12.7193,36087,9.1379,1.5517
221,52600,3.7946,36346,8.5586,3.6036
222,49100,1.2061,31453,9.1912,1.4706
223,60200,10.6419,35104,2.7933,1.676
224,48200,0,35114,14.7368,45.2632
225,52100,4.6693,26607,7.1633,5.7307
226,69200,10.7558,37206,7.8261,3.4783
227,72100,6.6372,45197,2.5126,1.7588
228,109500,9.1324,36042,7.2464,9.4203
229,85200,9.8976,28229,3.2641,10.6825
230,80700,3.9526,33350,0.627,9.7179
231,122700,16.5039,45500,1.0791,2.518
232,136600,18.1087,43029,49.0122,2.54
233,132900,15.5294,30455,2.6087,0
234,17500,26.7699,28417,27.9762,0
235,98300,27.1777,40577,17.6552,12.6897
236,75200,20.4242,46250,3.1016,1.6043
237,69800,7.7922,40787,6.1176,23.7647
238,83700,21.317,31944,6.2016,4.2636
239,81700,3.9474,25781,0,7.4074
240,81100,16.0377,28352,0,0
241,68100,7.6677,13750,0,6.015
242,59200,7.5552,30793,4.0354,4.9213
243,43900,6.5041,42917,6.7669,4.8872
244,47200,18.8953,22500,10.0806,4.4355
245,42600,19.3333,24844,16.1137,5.2133
246,40200,1.8595,25930,9.8639,6.4626
247,96100,13.4041,38472,3.1301,1.318
248,61000,6.5217,34338,3.9241,6.2025
249,50300,3.794,32284,3.6946,6.8966
250,45500,9.2593,30096,7.989,6.3361
251,44800,8.7398,35278,8.7719,4.0936
252,44100,10.8384,28819,7.0796,0
253,45700,7.7951,28889,10.5556,5
254,37100,1.3793,12750,9.4059,9.4059
255,36700,4.0476,20625,14.1935,4.8387
256,36000,3.2787,23313,12.1495,2.8037
257,35700,7.907,33824,12,18.3333
258,46800,3.0303,24306,27.3196,7.732
259,32500,10.929,12266,14.486,11.215
260,38600,5.137,19118,23.3503,17.2589
261,36900,14.0523,29219,14.4737,5.9211
262,37400,10.231,32708,10,20.5
263,32900,4.0201,15568,12.9032,3.2258
264,38500,5.2,24722,14.7541,6.5574
265,40900,4.902,24306,3.5242,13.6564
266,49700,11.592,30378,9.0909,1.5521
267,28900,4.2553,31750,18.5039,15.3543
268,28900,6.0847,16688,15.7191,6.0201
269,43800,11.7002,24609,15.9494,6.0759
270,38200,5.9184,29659,16.0714,0
271,38000,7.3477,35069,24.7475,6.0606
272,43900,7.4074,43750,26.2673,19.8157
273,44900,15.1822,26250,8.8068,2.5568
274,34500,1.1958,8184,6.3966,13.4328
275,28100,7.2626,33500,33.6601,4.5752
276,38500,0,23813,12.7854,6.3927
277,38800,0,31250,11.9792,8.3333
278,32900,1.3308,21250,17.6039,10.7579
279,44800,0,30625,7.9585,2.0761
280,56000,12.2661,29464,3.0612,0
281,39700,9.0226,30048,12.8205,13.1054
282,32600,5.4502,23879,10.8992,0
283,43000,6.5663,16373,10,3.6667
284,39500,5.0209,17330,10.9244,0
285,33700,8.7289,28902,11.7486,3.8251
286,36900,2.0101,24605,17.2414,8.2759
287,36300,1.4644,35739,13.3956,4.6729
288,36600,1.6867,20298,0,2.0408
289,29100,5.2133,24875,16.0804,0
290,19300,0,21250,22.4066,2.9046
291,35100,5.045,16354,26.1538,5.7143
292,29900,0,27639,17.8082,1.3699
293,30500,3.3175,28250,16.3743,8.1871
294,25000,3.6782,18304,6.0606,6.3973
295,41100,3.1558,19333,13.2867,6.2937
296,34800,2.7311,31500,16.9951,0
297,36100,0,23750,21.9697,11.8687
298,33200,10.0225,36384,11.3636,8.4711
299,41900,1.5444,26719,15,3.6111
300,40300,2.381,16310,16.0494,3.7037
301,34700,9.2308,29472,15.9184,9.3878
302,39300,13.1455,28309,7,14.5
303,41600,16.0164,28375,15.2542,4.8023
304,42500,6.7797,44183,9.8101,2.8481
305,37800,9.0909,27232,13.2159,11.4537
306,40200,2.657,20648,25.8555,2.6616
307,49900,7.2351,26750,10.1695,2.5424
308,34600,10.8626,25417,12.2302,11.5108
309,45700,6.5678,23382,14.0127,10.1911
310,41300,7.483,30625,19.0058,7.3099
311,41500,15.7801,30875,25.0729,3.4985
312,31400,9.0164,22386,0,15.7534
313,40700,2.2082,25417,30.1255,0
314,35100,5.2632,9375,16.8919,4.0541
315,28200,8.2687,27083,27.5325,2.0779
316,29500,37.551,21591,20.8738,5.3398
317,37500,0,46250,63.2184,0
318,36500,0,9327,28.6765,8.0882
319,29200,2.6804,16548,3.3613,2.9412
320,27300,10.3604,20924,18.6047,6.4599
321,29800,5.1546,15531,23.569,0
322,31300,4.77,15950,11.437,5.8651
323,56900,51.1777,12019,10.1719,0
324,58800,20.354,17000,16.3866,7.563
325,95900,36.5462,29808,14.7992,1.2685
326,131300,26.9767,20400,0,3.5191
327,80100,17.2061,33563,20.0483,9.9034
328,122700,66.9983,39028,15.7371,4.9801
329,106600,33.3747,26181,10.275,1.3025
330,98600,45.4653,29013,3.2258,0.9677
331,110800,55.6541,52250,12.61,2.4927
332,105400,28.4468,35781,15.4762,0.9921
333,84700,15.3141,27984,9.8976,5.2901
334,61700,13.1579,30179,21.8284,8.7687
335,49400,16.643,30662,19.3548,5.8824
336,47200,4.9618,30547,8.6957,7.6923
337,38800,10.1099,25556,17.7994,8.4142
338,38200,1.4205,14931,10.6996,12.3457
339,35700,6.814,19482,10.1266,4.8101
340,38800,6.2741,25052,7.8767,8.2192
341,36400,2.1978,22262,7.2261,2.0979
342,37300,8.0158,26339,1.1136,3.3408
343,36000,3.8265,32150,11.9048,5.7823
344,33000,6.0842,28158,7.0461,5.4201
345,39000,8.2892,22530,11.8812,5.6931
346,45400,8.056,26597,12.8,4.8
347,42000,7.7496,26944,11.3537,2.4017
348,42500,6.4327,32000,6.682,2.3041
349,45900,10.0147,28529,9.2672,1.9397
350,58700,24.3568,25912,6.5282,0
351,71100,13.9474,47788,0,10
352,65900,20.3008,30398,6.1162,5.1988
353,57500,16.5926,27194,6.6838,2.3136
354,43000,7.8998,27381,12.5356,0
355,48400,11.7249,24028,11.4833,0
356,42300,2.7267,30163,10.7097,1.5484
357,43900,17.0588,22292,7.2222,8.3333
358,42600,11.2727,29875,28.7671,0
359,36700,1.6667,18125,19.9588,5.5556
360,43100,9.5729,18810,16.2222,0
361,43800,7.5738,31667,13.6622,3.7951
362,37600,1.2012,30048,14.2539,3.118
363,27400,0,20457,18.5185,5.291
364,38000,14.8148,22386,19.1549,1.6901
365,34700,6.7847,23125,8.1481,33.3333
366,40200,11.583,27284,13.8365,0
367,38000,6.9544,29519,12.6354,0
368,39000,8.0979,31576,9.1803,6.5574
369,34000,6.1489,27500,11.6751,12.1827
370,38600,0,31346,9.3333,2
371,36900,1.9126,21111,19.8758,14.2857
372,23900,12.0148,21850,18.75,7.8804
373,68400,17.7419,21731,13.8889,3.8462
374,40600,11.25,19777,17.3913,3.2609
375,42200,6.0024,25811,12.5,1.6304
376,47600,5.8271,19539,18.6,5
377,24900,5.531,17422,18.9702,0
378,37900,14.1304,24650,15.0685,0
379,61800,4.1237,19342,0,12.6126
380,58900,4.8101,10568,27.0548,0
381,89300,34.5013,25581,11.2084,0
382,107000,56.0874,21154,8.3123,0
383,62600,5.3125,4178,40.2985,1.99
384,61900,10.5603,34856,11.5607,0
385,53000,10.2564,15060,9.7744,0
386,62300,9.1286,22059,9.1837,0
387,95000,18.6312,19167,24.5033,0
388,194600,64.564,18372,10.2067,2.4548
389,91400,74.4762,15000,9.1185,3.6474
390,129000,56.13,25984,7.024,0
391,126000,57.3464,26083,8.547,0
392,38800,18.3976,31029,15.6352,0
393,190000,50.4505,18750,10.8747,2.8369
394,225000,79.4118,6830,0,4.5833
395,70000,48.7528,11014,10.5882,2.3529
396,87000,28.2258,8523,5.6537,9.1873
397,83300,13.1034,17115,0,3.6649
398,104700,82.2394,19167,2.6515,0
399,152300,57.1429,20294,3.8147,3.5422
400,203100,50.9804,10428,4.9149,0
401,88100,48.7239,30282,15.7143,3.3333
402,165200,57.3407,27500,9.9042,4.4728
403,76000,11.7021,32857,6.2992,0
404,156300,9.2504,7093,1.7915,0
405,55000,6.7901,17054,13.6691,28.0576
406,38800,14.759,27250,19.2171,0
407,36000,16,20445,29.2035,2.6549
408,43100,19.1406,22083,26.2745,1.9608
409,51300,17.2749,18281,17.3661,2.3155
410,29500,5.8081,20761,10.8844,10.8844
411,25200,8.7603,19907,16.2896,6.1086
412,32500,0,17377,31.7495,3.0238
413,35700,2.381,29958,14.8585,14.1509
414,27800,10.3131,17181,20.6266,1.8277
415,45500,2.8796,25000,20.6897,2.7586
416,27100,11.8343,17083,12.1429,6.4286
417,32500,1.9397,18317,23.622,0
418,31100,10.6849,22500,19.5652,7.4534
419,27400,1.8116,13080,8.1028,2.5692
420,30200,15.6951,12396,20.2899,3.3816
421,34900,12.4654,17146,14.9635,1.8248
422,40600,5.4688,23864,11.032,18.1495
423,28100,4.5161,20625,19.3642,13.0058
424,38100,2.3324,29563,17.2932,7.5188
425,33500,0,11344,22.6667,0
426,33600,1.5873,23000,17.2662,7.554
427,31700,4.9587,23452,21.1111,7.4074
428,29500,4.7761,11705,8.6957,4.7826
429,35400,10.1392,30188,20.8791,0
430,33500,5.205,24509,19.7727,11.8182
431,37100,6.4655,18102,16.5333,6.1333
432,43300,4.1667,36053,20.2941,4.4118
433,26600,6.4159,19891,20.1133,17.847
434,93600,32.5,36094,0,0
435,71600,21.3371,35050,5.5684,1.6241
436,75200,26.6262,41292,5.7317,1.4634
437,71400,17.5348,41500,4.3915,4.8934
438,71000,32.2917,40515,0,0
439,68100,20.6284,37679,4.185,0
440,69400,20.339,46250,5.1724,5
441,194000,54.1176,106723,2.3622,96.063
442,61900,14.9905,39886,0,14.5522
443,61700,12.069,29922,9.6667,0
444,53500,13.4956,27500,16.7665,2.994
445,48500,10.6771,25667,9.4862,13.834
446,71100,7.7612,31563,5.6075,0
447,54800,24.5833,35417,12.5,3.9773
448,67800,8.9744,33958,6.9388,2.449
449,40800,4.8598,28050,18.8442,3.7688
450,41600,8.0078,38750,16.5312,0
451,27900,8.1911,26750,19.5455,10.9091
452,36600,7.781,33235,20.6186,10.3093
453,45500,10.9504,24934,17.3077,5.0481
454,54600,10.3198,24718,11.7506,2.6379
455,48600,10.3814,34792,7.6696,0
456,45200,5.2036,23917,10.7843,0
457,26500,2.9703,15667,15.3543,12.5984
458,36600,4.4444,16058,9.5023,2.7149
459,27100,8.8372,16429,8.6486,11.8919
460,54300,22.1106,16726,16.0714,0
461,44000,16.5577,31458,13.8158,9.2105
462,36700,6.3158,24583,8.1152,9.9476
463,34300,13.4387,37188,21.5686,4.902
464,33000,6.7327,16250,15.1515,7.2261
465,34100,3.1111,29107,21.6,0
466,30400,0.8547,14792,28.5088,0
467,27300,2.8947,16726,6.7925,6.0377
468,32500,0,13482,9.0476,8.5714
469,33600,10.5991,21176,33.945,0
470,28300,11.2903,28750,6.1594,3.2609
471,29000,11.2957,31010,19.305,0
472,26700,6.4965,21250,20.7483,0
473,29200,10.5903,7214,8.8319,5.4131
474,26700,0,15714,34.4156,1.9481
475,41500,13.587,17847,27.1318,10.8527
476,23900,8.6957,10037,20,4.2424
477,22500,0,14750,21.0526,0
478,23300,4.5714,18056,24.8408,3.8217
479,31700,0,17250,33.908,0
480,41800,9.4595,29531,46.8354,0
481,15000,4.5726,13875,9.3645,12.3746
482,22900,9.6296,22000,28.4211,5.7895
483,25400,0,13875,21.3235,0
484,27900,16.2712,14821,25.1572,9.434
485,38100,0,22292,30.1676,11.1732
486,19000,0,14643,21,21
487,37200,4.3956,17250,25.2941,18.8235
488,24200,0,8967,21.2435,6.7358
489,28400,4.6512,25333,18.0064,3.537
490,29700,5.5385,14300,19.6078,3.5294
491,22000,2.7708,9640,22.8571,6.7857
492,24400,15.864,18194,20.2247,12.7341
493,37600,7.9365,16950,20.7627,17.3729
494,28000,19.6875,18790,31.8182,7.6555
495,32600,6.2035,12128,20.7792,20.1299
496,33900,4.6602,21350,22.4691,23.4568
497,61300,17.2996,9427,9.3333,6.2222
498,63100,19.6809,30208,2.008,6.4257
499,34600,6.2992,5400,8.6093,0
500,34000,16.7421,20391,19.7605,0
501,27200,5.8651,12117,14.4201,14.4201
502,22000,8.9686,29327,16.6667,6.5972
503,33100,6.0823,22200,21.663,3.9387
504,23500,2.0942,9596,27.7778,0
505,19400,10.5611,14286,32.567,7.2797
506,14700,4.771,22917,20.0528,0
507,14900,6.2305,25469,23.3962,0
508,35300,0,20809,31.746,0
509,40500,11.8056,24970,16.6667,3.0303
510,37100,10.5906,23800,7.0845,4.6322
511,30000,6.0109,16477,8,0
512,37800,11.8644,8750,14.5455,0
513,27800,9.1716,20750,23.0453,16.0494
514,26300,3.4783,30972,37.5,0.5208
515,31800,0,30625,11.254,2.8939
516,32700,11.7409,23472,12.0112,5.3073
517,39100,9.1904,18892,7.5758,0
518,39000,16.1232,36125,15.427,0
519,37400,5.6489,23289,3.4759,13.6364
520,44400,3.6765,23289,18.0282,0
521,39300,11.5385,35972,14.9398,7.2289
522,18900,9.9526,33750,14.7887,0
523,31600,11.5987,24875,25.1799,2.8777
524,45800,8.4046,29960,11.5139,0
525,65900,13.1043,37768,4.6748,6.7073
526,48300,17.4468,39583,0,0
527,61000,10.9827,26406,9.4771,13.7255
528,45600,6.8106,21607,9.3506,5.7143
529,50800,5.2536,26875,6.1662,0
530,56400,15.6627,16985,10.0515,1.933
531,82200,31.9444,34779,7.8261,8.1159
532,79200,25.7108,35637,18.5075,3.1343
533,69500,21.1039,59583,5.6657,1.4164
534,72400,20.4167,38125,8.4746,3.9548
535,61800,26.7281,33661,8.6331,10.4317
536,57900,9.3812,34583,11.5578,4.2714
537,59000,16.3934,40486,9,6.6
538,146600,62.5984,16745,6.846,6.7237
539,160300,61.0932,105512,0,43.0894
540,88900,33.7335,41490,4.4444,21.0101
541,106300,28.5926,53073,4.1551,4.1551
542,169600,60.9091,52969,0,49.2308
543,83200,26.9863,55564,3.8217,2.5478
544,67500,14.952,45909,3.9352,3.9352
545,57700,12.1554,28770,9.1111,1.3333
546,53400,14.878,39688,5.4167,0
547,70400,19.8511,53750,8.5202,8.5202
548,59500,11.6242,33357,4.5576,1.8767
549,74700,19.084,43177,8.2192,3.4247
550,118800,32.1888,27340,10.4478,12.6866
551,66200,24.4856,44444,4.8507,3.3582
552,61300,30.9038,41125,7.6531,0
553,54500,7.7821,38043,8.5443,0
554,62700,7.7447,26843,8.5568,1.0217
555,23400,5.0975,17330,16.7702,5.176
556,155800,37.9004,48333,0,31.2668
557,185000,82.2485,92341,9.2784,74.2268
558,155200,54.7222,33750,6.1224,29.932
559,73200,37.1245,32976,6.2229,0.7236
560,97400,34.2138,32656,3.8158,8.2895
561,65000,36.1914,12043,6.7871,0
562,92900,40.0761,49188,4.3643,0
563,77500,30.9673,36917,15.1629,2.005
564,112500,72.1698,29740,25.8083,0
565,85000,48.1481,16667,0,0
566,77400,44.296,26915,23.0483,0
567,126000,67.1454,37833,6.4246,1.1173
568,75600,41.7219,34500,42.7586,28.2759
569,94700,61.7729,35795,8.8889,2.6667
570,45000,0,23269,59.0909,0
571,81500,27.4074,15870,0,0
572,112500,69.8276,50536,0,0
573,75000,65.5556,36932,0,29.7872
574,88900,30.9091,60417,8.1081,18.9189
575,625000,62.1359,32031,0,0
576,89300,48.0702,39500,16.2264,0
577,90300,37.1041,24792,0,9.7902
578,75000,59.1133,45625,26.087,3.4783
579,75600,12.7907,24821,2.2599,8.4746
580,68000,15.4822,31920,10.3704,2.5926
581,112500,1.4184,11875,2.9178,0
582,18800,3.4068,14250,61.0942,0
583,29700,12.3529,23534,40.2235,0
584,137500,0,7321,8.1218,0
585,55800,0,27250,0,20.6897
586,74300,9.6154,41250,0,0
587,65000,22.5352,19167,25.4237,0
588,80000,51.2821,28214,22.381,0
589,63800,59.0604,40776,2.5974,0
590,88100,30,26250,15.2941,0
591,40900,0,29875,12.766,1.5957
592,75000,26.9542,31250,11.6848,0
593,300000,54.5259,45524,8.399,0
594,188900,56.4202,49438,5.1813,0
595,200900,61.8012,37656,10.5058,0
596,160500,57.7243,47466,8.024,1.0778
597,217700,78.7194,55536,5.6872,2.3697
598,217800,57.6271,37708,10.9531,3.4139
599,56100,11.3514,21000,14.1509,15.0943
600,27500,4.8458,12440,13.1387,22.6277
601,46900,24.0909,29167,18.4397,5.6738
602,45700,14.0969,37375,18.6207,15.1724
603,83600,32.0707,28750,5.1903,0
604,102300,19.5767,31875,4.5455,8.1818
605,111300,61.8644,42083,6.0185,0
606,102000,34.0996,37188,6.0519,0
607,87000,51.3619,40380,4.4321,0
608,130800,35.9517,46023,5.7613,4.1152
609,128100,64.476,63438,0,2.5281
610,132500,75.2137,47461,22.3085,0.9989
611,97200,62.0879,65125,0,0
612,89800,46.6447,52045,6.2409,5.5152
613,83800,33.2263,36176,9.7804,2.7944
614,93300,51.3812,41691,0,0
615,31100,0,16016,9.0909,11.6162
616,23800,0,16989,25.3275,0
617,18800,4.1667,53274,20.7143,12.8571
618,60600,25.0633,40278,19.6517,0
619,55000,20.1729,29176,34.5609,3.6827
620,27100,5.5777,34500,7.6923,16.6667
621,27500,5.9107,18125,21.8284,5.0373
622,26200,10,20000,32.7273,5.2273
623,19600,3.5461,8500,38.1818,23.6364
624,25400,8.0214,23906,32.2404,4.918
625,17200,6.4935,15208,28.6408,19.4175
626,14100,12.8049,17457,36.0902,8.2707
627,19500,4.5455,11534,17.4863,9.2896
628,29500,0,20938,43.8095,19.5238
629,30500,2.9316,27350,21.5859,8.8106
630,33300,0,14286,35.1955,19.5531
631,27500,5.4348,8750,0,12.6582
632,46500,10.0407,35208,14.8472,4.3668
633,17900,0,9896,20.5645,7.2581
634,10900,0,20921,44.1558,9.0909
635,17500,2.7451,11696,51.5738,3.3898
636,13600,7.7778,8036,44.7368,21.0526
637,12500,16,11574,21.0526,3.5088
638,17500,12.5874,15313,20,1.1765
639,14800,0,11250,35.5072,4.3478
640,52900,11.1111,18438,19.1083,0
641,35400,0,29306,30.3922,0
642,21300,6.8702,14408,56.9444,20.8333
643,21200,6.6852,8981,49.3421,12.7193
644,44800,1.992,14345,4.717,0
645,55000,13.5802,11023,27.7778,10.1852
646,54400,7.4468,23438,51.3725,0
647,78500,18.3223,21750,0,2.5362
648,45000,2.349,13000,2.6549,0
649,42500,20.5128,11172,12.2807,35.0877
650,57500,5.3097,28929,36.3636,0
651,70500,43.6261,32083,8.9744,5.1282
652,78600,31.1526,32292,19.17,3.1621
653,82000,31.6602,31538,22.5641,0
654,76700,19.0476,17083,24.359,26.9231
655,32500,0,41111,3.2258,0
656,49000,14.0187,30255,15,5.7143
657,47200,6.3091,49306,21.5686,6.2745
658,61900,21.9955,41379,2.2305,4.0892
659,29000,13.7566,9458,21.3235,0
660,41300,19.898,27250,21.1921,4.6358
661,29200,17.7852,23173,16.3636,9.5455
662,44000,8.5586,16406,8.9231,2.7692
663,58900,15.2866,41563,24.5033,0
664,30500,9.5745,21563,14.5,9.5
665,38600,20.0514,32784,17.0103,22.1649
666,62500,4.8507,16667,47.5806,10.0806
667,43300,0,12188,7.9365,9.5238
668,95000,11.9205,8667,16.2304,3.6649
669,74300,3.268,50714,0,0
670,61100,18.1818,37500,1.0204,2.381
671,61600,9.292,10694,5.9211,2.3026
672,63900,23.7805,27946,0,5.8824
673,63800,20.8904,29181,12.9213,11.7978
674,32500,11.236,11726,59.6154,39.1026
675,38700,4.7863,16858,32.549,10.1961
676,39400,0,15592,31.8182,7.438
677,11900,6.383,9097,13.0178,1.1834
678,13600,0,19600,37.1287,16.3366
679,12300,2.1687,13158,20.5714,6.5714
680,16900,5.168,22700,22.2222,14.7222
681,20600,0,29184,19.2214,8.2725
682,39000,2.2444,21071,12.3288,0
683,27500,0,20550,5.5556,0
684,71900,0,33750,29.4872,0
685,35600,13.8298,61429,18.4615,0
686,125800,16.4557,9643,0,11.1111
687,22200,2.1941,10062,11.6116,17.1171
688,24900,2.3419,12731,19.3591,13.7517
689,11400,1.6282,17404,31.677,6.8323
690,12900,1.2277,11371,20.7681,8.9616
691,21900,2.2267,19102,28.4802,7.4074
692,32500,4.1284,16172,34.7291,3.9409
693,22700,3.3175,22708,27.23,6.1033
694,12300,0,9375,18.1347,3.1088
695,16200,1.8519,21250,7.9787,10.6383
696,20200,3.8,21591,12.069,7.2414
697,24500,3.9627,11974,7.0552,3.0675
698,17500,0,9760,77.1107,0
699,31400,5.4839,32550,24,4.4444
700,24300,28.7037,8438,24.4755,0
701,13800,3.3898,17313,42.8571,2.381
702,16900,5.3279,9653,19.4872,3.5897
703,10000,6.1303,10750,35.1852,12.037
704,33500,0,13490,27.2085,9.5406
705,20900,14.7059,51125,39.8876,4.4944
706,42500,8.1232,16827,31.9527,5.3254
707,46500,8.1169,35568,24.2915,8.0972
708,40300,0,13807,34.8101,11.3924
709,30700,0,15833,22.8261,6.5217
710,22500,0,14135,0,0
711,33400,0,14821,0,8.7912
712,32100,21.7391,14917,0,0
713,32200,0,32609,36.5385,8.6538
714,23800,5.6769,15938,16.5644,30.6748
715,23000,2.6403,6907,23.6111,17.1296
716,32100,0,17813,23.8532,6.422
717,22700,6.1453,38000,3.3058,26.4463
718,45000,4.5455,40000,0,0
719,24600,3.8388,26154,19.0625,9.6875
720,25300,10.6115,22305,17.849,16.2471
721,59300,20.8914,33854,14.4737,8.3333
722,47900,15.5216,21029,17.3913,16.087
723,59200,8.5492,25714,11.9863,0
724,52700,4.0491,36591,13.4216,0
725,59100,30.6189,50329,0,20
726,54500,15.4705,38958,13.4571,4.1763
727,49000,5.6872,34464,8.2789,4.1394
728,38800,32.2289,26528,15.8371,4.5249
729,49600,6.5385,41759,8.2278,12.9747
730,50900,0,21394,20.1613,2.8226
731,32500,0,24438,27.3632,1.99
732,36900,9.5506,29125,16.5493,2.8169
733,39600,0,15679,9.6154,0
734,42800,8.1031,31917,11.8483,8.0569
735,50400,2.8486,33750,13,2.25
736,49100,4.8589,29375,18.5714,1.9048
737,42600,8.5014,35294,9.4218,3.6403
738,48800,9.2857,35898,10.7143,2.8195
739,27600,9.5652,26375,13.2075,5.0314
740,19700,2.3041,20625,11.4,13.8
741,32500,0,29000,7.9812,4.2254
742,29600,6.0773,28875,32.8467,0
743,24800,0,18750,29.1667,16.0714
744,18400,2.1645,17422,24.5125,18.9415
745,25200,4.0201,9476,27.1186,8.8983
746,26000,3.2641,18036,12.2727,7.2727
747,19200,0,18542,13.7741,12.3967
748,63000,2.6846,13239,16.5899,5.0691
749,21600,0,15313,5.7143,0
750,24800,3.3816,14250,17.8439,10.0372
751,23100,0,12125,21.2121,22.2222
752,14200,0,8466,23.7705,0
753,12900,0,19500,28.2609,0
754,17400,11.6972,15139,9.1667,0
755,30300,20.7317,15625,36.3636,29.5455
756,40900,0,14830,26.7544,25
757,17500,0,16250,0,0
758,32500,13.8122,48350,26.8817,0
759,13900,0,10125,23.8095,23.1293
760,19700,3.9326,17448,10,15
761,24300,0,10242,14.5098,3.9216
762,28500,0,23438,10.6481,3.2407
763,19900,3.012,16172,24.6479,7.7465
764,30500,4.2667,9228,11.7409,6.4777
765,16300,12.6712,7330,13.7441,15.6398
766,27700,4.8469,14844,20.1493,3.7313
767,24100,3.3628,11250,9.4395,6.7847
768,14800,1.6997,9688,2.381,5.7143
769,27500,0,8333,77.1186,3.1073
770,14100,0,19167,18.75,0
771,11800,11.8343,18750,13,0
772,28100,0,8274,12.6214,8.7379
773,11500,2.8871,22143,16.3142,4.8338
774,13400,0,23162,29.653,7.2555
775,21500,4.7059,8125,21.8107,0
776,28800,0,14615,15.625,0
777,47700,0,32188,10,0
778,13800,2.7397,22212,29.1391,0
779,13500,0,19792,2.7211,0
780,20600,5.2885,16167,32.4,5.2
781,28700,6.2893,12400,36.9928,11.6945
782,17000,5.5449,19787,14.6707,8.3832
783,19200,1.4113,11250,27.088,3.386
784,20900,4.1825,16490,16.934,6.4171
785,18900,6.2574,15703,14.1631,4.2918
786,18500,1.2216,17917,27.1949,7.0664
787,17500,0,13958,8.8235,0
788,23100,0,16071,25.2717,0
789,10800,2.2876,16500,24.4648,5.5046
790,20200,3.1022,20893,17.9837,11.7166
791,11900,0,9167,27.1845,0
792,30300,6.4516,22885,9.5238,10
793,36900,14.1732,28207,8.7591,2.1898
794,33800,7.6531,19783,11.4187,6.5744
795,28900,5.1546,14080,21.8589,12.9088
796,36600,4.2553,16850,14.751,6.3218
797,18100,3.8724,12260,15.7224,20.1133
798,15200,5.7377,13864,21.3192,6.9494
799,27200,4.1118,13306,19.0377,2.9289
800,14900,4.8632,17396,27.6894,4.3031
801,27800,6.8548,21914,11.1756,7.9826
802,36700,5.059,37955,1.9293,0
803,34300,8.885,41563,14.3731,3.6697
804,22500,0,18750,10.4167,60.4167
805,31300,12.5926,35000,1.4493,7.2464
806,32300,6.7114,22431,8.7404,2.8278
807,30900,7.2289,34000,5.3571,0
808,33000,4.9735,25208,5.4409,3.94
809,37300,4.386,9833,14.0625,7.0313
810,24400,5.8704,18750,14.0777,5.3398
811,27700,0,17375,15.0685,11.4155
812,31800,0,18947,9.0323,0
813,27900,3.5222,21172,10.0671,7.3826
814,21000,1.8008,26813,12.522,2.8219
815,19100,1.3793,21106,16.609,8.9965
816,24400,2.3379,20652,9.7391,10.9565
817,21500,0.8811,18712,17.0686,13.3581
818,15400,1.3559,18713,16.3855,5.5422
819,20400,9.4463,30208,12.5714,5.1429
820,24700,10.5072,14400,16.2562,2.4631
821,23800,4.271,24191,15.5797,4.529
822,32500,0,12150,24.0816,2.0408
823,16600,6.4057,32679,2.2222,3.8889
824,16000,0,22813,22.5225,9.4595
825,21200,6.0274,19856,25.0965,7.3359
826,14800,0,10417,33.0233,2.7907
827,18100,0,14145,29.5,11
828,22500,0,10486,18.4783,5.9783
829,20900,1.7241,21950,16.0819,20.1754
830,21000,4.0886,16173,16.7147,14.121
831,15800,4.25,25101,22.5904,2.7108
832,16500,0,14643,11.9122,16.6144
833,20900,2.2936,12953,19.0244,13.0081
834,14500,0,9787,16.5842,16.3366
835,18300,3.9648,17566,10.274,7.5342
836,17500,3.8576,11250,19.0114,19.7719
837,16000,6.2038,12353,22.0085,1.4957
838,16800,1.8703,11944,13.0045,12.855
839,12800,0,19145,29.1022,28.7926
840,16900,0,12375,20.7547,10.8491
841,17200,3.9526,11625,28.9116,18.3673
842,27400,4.1943,11466,18.0147,2.9412
843,32800,1.8382,12438,10.7843,3.9216
844,29200,2.6357,18802,20,7.1845
845,27000,5.295,15192,16.9014,8.8531
846,18100,2.2184,11855,25.6959,8.137
847,18800,0,14205,19.9377,4.0498
848,20500,2.0121,9464,19.0045,7.0136
849,24500,0,18370,20.9581,15.8683
850,32700,2.521,20208,17.3077,15.7051
851,31200,2.4436,16893,21.1991,7.4946
852,31700,7.7869,8939,16.4975,12.1827
853,28900,1.3035,10662,21.0643,6.4302
854,31000,0,19861,23.7569,6.0773
855,31100,8.094,13056,16.8459,21.5054
856,17200,0,14375,17.7143,21.7143
857,20600,5.814,16944,0,32.6087
858,19900,1.0274,16636,26.3858,6.2084
859,23900,3.2468,15893,20.4545,16.3223
860,27400,1.3825,23750,23.6842,30
861,43400,6.0074,38191,9.3939,3.7879
862,40100,6.4444,23558,8.7879,6.0606
863,33600,0,8438,12.8205,0
864,17000,6.5327,21964,0,7.3333
865,27700,2.8391,18565,32.5,7.1875
866,34900,2.8796,14970,18.1435,4.2194
867,36400,4.8052,28750,18.9591,5.7621
868,49000,7.4074,31167,10.7759,0
869,50100,6.1358,28182,11.5073,3.8898
870,48200,8.4291,29474,8.8942,8.8942
871,49000,2.3599,31250,13.5659,13.1783
872,85000,26.2712,31754,2.6316,0
873,49400,10.6825,24514,12.4153,3.8375
874,42900,11.2211,25944,0,8.1744
875,46100,9.2437,34605,7.9545,0.9091
876,60600,9.3333,18571,14.0351,6.1404
877,28100,0,26331,5.848,19.2982
878,50500,0,30481,0,0
879,57900,4.1304,25761,8.9347,7.5601
880,65000,11.3208,34000,3.5573,2.3715
881,56600,3.9409,26467,5.4299,0
882,57500,5.3738,38125,7.3359,6.1776
883,62600,13.2565,41250,3.4483,8.7533
884,54300,3.7383,31063,5.1546,13.9175
885,56800,7.2981,34700,8.2251,12.1212
886,55300,8.0103,31875,6.4,14.4
887,32500,0,41875,0,37.931
888,63400,1.9444,25000,0,3.719
889,60800,0,26429,4.3478,5.5901
890,52300,4.6125,30875,11.8785,7.1823
891,39500,9.8865,22206,10.4859,10.9974
892,50400,3.386,20000,0,5.8608
893,51500,2.8871,36111,1.8987,4.2194
894,52800,3.6117,36932,2.9963,9.7378
895,43500,0,23333,6.9767,30.814
896,49800,9.1052,35500,13.7203,10.2902
897,35100,6.1135,24531,21.0526,7.2368
898,37700,7.511,21979,11.8896,2.1231
899,35000,10,24375,23.1738,2.0151
900,39400,3.537,22031,5.4645,7.1038
901,35500,0,14224,17.6796,6.0773
902,36100,1.2165,21375,13.3136,5.9172
903,33600,3.6957,22188,20.8054,7.047
904,34000,2.2727,21328,4.7934,2.1488
905,36300,7.7176,26591,18.0365,8.6758
906,41700,7.0755,27656,13.7255,14.3791
907,35300,5.7692,23452,15.625,5.8036
908,54100,3.6066,26750,0,8.2873
909,45700,3.6842,33929,5.1587,3.1746
910,43300,1.8072,23409,16.0563,10.7042
911,46600,22,30125,0,0
912,36300,4.5,30357,26.4317,0
913,43700,3.6384,25903,5.5755,3.5971
914,48700,2.3622,19667,5.5944,3.4965
915,51400,5.8383,25083,5.0971,6.3107
916,51900,4.142,37083,2.6316,3.5088
917,51800,9.9541,35417,3.2037,2.0595
918,47200,5.6763,30625,11.8644,6.2712
919,44800,1.3289,31625,5.2023,21.3873
920,47800,3.079,32961,9.7561,3.6585
921,48600,2.7088,25735,7.6364,0
922,57200,9.707,40625,4.2945,0
923,55700,6.4833,24358,1.1628,4.6512
924,33400,5.7377,17260,12.3153,7.8818
925,31500,1.2559,17115,13.2558,2.7907
926,35000,4.5089,17457,7.6142,0
927,27500,2.1077,29107,26.3158,0
928,28600,3.7736,12083,26.9663,14.0449
929,28500,6.2762,20605,19.4215,23.5537
930,24200,1.6427,20275,23.7864,7.767
931,38200,0,24091,11.7764,9.3812
932,30900,0,26563,13.2075,0
933,43800,8.6957,13929,10.5263,10.5263
934,30700,2.1609,15750,18.3486,7.3394
935,32000,0.8102,22629,15.2709,15.1067
936,25000,1.0753,13832,19.6078,11.0517
937,31300,2.509,16000,4.2155,5.1522
938,22500,4.3243,14643,10.7345,11.8644
939,19200,0,11923,14.6953,5.7348
940,19700,2.3333,13854,20.0704,7.7465
941,18600,7.2961,8929,2.9197,13.1387
942,29700,2.2272,15385,0,11.0687
943,33300,0,15179,11.2319,12.6812
944,29400,2.5974,17250,14.7059,8.0214
945,46900,0,9688,0,13.9241
946,27900,1.0753,14962,0,0
947,30000,3.3654,29007,9.8361,11.7486
948,30200,1.004,10329,14.5553,8.3558
949,31400,2.8807,23750,16.3755,6.5502
950,33600,12.1951,24000,5.8651,8.2111
951,30500,0,24643,14.8248,1.8868
952,32700,4.8991,16726,14.8,7.6
953,21600,0,12500,9.4017,20.5128
954,21500,0,10556,6.8085,11.4894
955,27600,7.0053,27417,15.625,6.8182
956,27600,5.3517,21429,10.2902,3.4301
957,35300,2.6596,21250,16.2162,0
958,20500,0,20000,10.5413,1.7094
959,25700,1.7341,30272,14.4404,9.7473
960,24200,7.0539,10795,10.0649,9.4156
961,14000,5.9524,10000,8.5714,10.7143
962,12500,0,2499,28.125,34.375
963,35600,5.5118,13229,19.2308,0
964,19500,2.5316,16607,12.7451,23.0392
965,20000,3.8136,20069,22.6891,4.2017
966,22500,4.698,20885,17.3913,22.8261
967,29200,4.7619,17045,9.5745,6.383
968,32400,9.8315,23482,20.595,7.3227
969,43100,1.8789,19773,15.6522,0
970,42700,20.8215,40625,11.1345,5.6723
971,36900,12.5532,29792,23.8806,11.4428
972,22000,4.1502,18472,25.1412,0
973,19200,0,24010,23.6181,19.0955
974,25600,7.6316,23417,29.9252,6.7332
975,21600,8.4025,17292,13.8889,1.2077
976,28800,6.2914,11789,16.3265,7.619
977,43700,5.1969,22563,18.5268,4.0179
978,36500,6.7024,26838,12.1739,3.913
979,35000,6.6414,25833,11.4198,2.7778
980,33000,11.7647,22500,15.016,4.1534
981,21700,3.5971,18750,26.5403,4.7393
982,23700,2.7027,28125,21.875,3.5156
983,36200,8.2583,13388,8.5714,6.4286
984,26700,2.027,20417,18.2482,2.6764
985,31600,7.3314,13594,20,9.434
986,33200,13.985,24779,25.5034,7.6063
987,31800,7.7844,31833,29.7521,1.6529
988,28200,0,19444,18.4211,17.1053
989,26800,2.5225,23125,31.2139,2.8902
990,17900,0,14750,39.5973,0
991,33800,2.9963,11797,22.4852,11.8343
992,33600,1.9737,22222,0,18.5185
993,25800,4.9505,35461,13.1579,0
994,30600,0,27969,25,8.8542
995,30700,5.1756,29551,15.4242,7.455
996,21300,6.2016,31806,14.6067,3.9326
997,24100,7.2351,30417,17.7019,7.4534
998,33500,2.7223,23711,15.4306,5.3828
999,30700,8.6712,12780,10.5655,0.5952
1000,37100,0,12788,18.1818,0
1001,209200,66.5217,18984,5.2567,11.3692
1002,187200,71.5827,105320,0,57.2414
1003,132400,59.587,82152,1.5464,36.5979
1004,76100,44.4785,48654,3.2099,4.4444
1005,73200,43.5055,39450,7.839,4.661
1006,65900,52.5727,45714,10.6918,0
1007,77200,38.4615,41042,13.0435,5.153
1008,57300,27.2059,32750,41.3793,0
1009,68100,30.7692,40379,4.5918,7.6531
1010,66900,63.5317,44067,4.1798,6.4669
1011,77600,24.3295,49868,6.0606,4.7138
1012,87900,41.6031,55104,1.7595,2.0528
1013,94600,38.0723,35350,3.5144,0.639
1014,67800,44.1964,38315,6.1538,6.7692
1015,64100,22.0472,42500,11.236,8.9888
1016,73500,20.3947,35250,0,0
1017,81800,15.5738,49091,0,10.4265
1018,78600,15.7289,43056,4.6358,3.532
1019,77700,21.1111,31510,8.0524,8.2397
1020,81100,28.6885,36316,4.5139,6.25
1021,112500,49.5327,70833,0,0
1022,69800,45.2174,43375,20,0
1023,77000,41.9183,43056,0,13.4831
1024,87300,32.8424,40781,4.1096,15.7534
1025,95000,55.7823,56500,2.8409,32.3864
1026,86700,33.6047,42372,7.1192,6.457
1027,83600,27.7238,32386,5,7.8788
1028,87700,20.9929,42286,2.8509,4.1667
1029,73200,18.2377,36793,0,8.4615
1030,81100,23.9845,39792,7.6056,11.2676
1031,84500,27.7433,46367,9.7143,4
1032,84100,20.7317,42500,3.5831,20.5212
1033,76900,20.2487,35200,4.1056,4.3988
1034,77100,26.7045,39417,9.3079,5.4893
1035,74200,20.4878,34583,8.5106,14.2857
1036,80900,21.1055,59250,9.589,17.8082
1037,73600,77.907,51779,4.4444,0
1038,74700,36.5971,44881,5.9642,6.9583
1039,76300,22.049,29219,7.5908,1.9802
1040,81700,21.7973,48182,9.1988,11.276
1041,79400,30.625,42500,3.4965,12.9371
1042,79300,28.1804,51932,9.9526,1.4218
1043,73000,46.371,47639,12,6.8571
1044,87400,31.0284,40598,5.2219,14.0992
1045,101900,40.4167,33523,4.7285,14.1856
1046,128200,23.4609,64297,3.5714,51.3736
1047,109300,24.0236,53083,1.8421,9.6053
1048,112900,21.5314,44583,3.6158,14.4633
1049,103000,31.0705,46914,5.3571,9.7222
1050,95900,38.9728,51250,0,11.6456
1051,127600,63.6771,38269,2.0608,11.0893
1052,122200,49.3129,41293,2.6568,20.2214
1053,113300,34.1301,58393,5.5188,47.2406
1054,129800,26.7016,81547,0,95
1055,143300,35.9351,47404,5.9474,41.9087
1056,123500,28.6533,50714,0,52.9703
1057,118600,42.1053,46750,4.2471,18.5328
1058,156100,42.976,70000,1.4679,66.789
1059,1000001,28.3019,200001,0,47.619
1060,70000,31.0078,37438,0,19.0476
1061,393100,67.8862,87500,2.4,85.6
1062,471400,67.9487,84543,0,83.5443
1063,350000,48.0278,119036,6.4516,89.2473
1064,147100,52.1989,53472,2.2581,8.0645
1065,225000,74.6929,80794,4.065,39.0244
1066,222600,75.3191,75790,2.6578,28.9037
1067,231300,70.0935,51641,4.1667,22.4638
1068,843800,91.8919,200001,5.7851,82.6446
1069,395800,74.5042,49625,4.6414,40.5063
1070,145400,67.0121,72143,5.4348,26.9022
1071,295200,73.3333,122786,4.0462,49.1329
1072,131000,61.6034,62143,5.2023,16.474
1073,94500,58.7264,38750,2.9586,7.6923
1074,87600,46.2633,42625,11.413,19.5652
1075,112800,56.6449,48636,8.0692,7.781
1076,111200,57.3171,55000,1.7699,15.9292
1077,142900,66.6667,60625,1.4634,11.2195
1078,390900,92.3611,158071,0,100
1079,160800,89.7727,102075,0,31.7568
1080,379400,73.6508,142973,2.9586,81.0651
1081,110400,55.5556,50556,6.7797,27.1186
1082,153000,75.813,52045,5.0296,17.1598
1083,134000,39.2297,52500,8.2888,21.6578
1084,295800,79.4953,92500,0,67.1362
1085,158800,91.9565,101533,2.9167,26.25
1086,83300,23.9774,49750,23.7975,7.0886
1087,121000,41.9355,37333,0,35.3846
1088,75000,35.7367,60375,7.8049,24.878
1089,78600,29.0441,47931,10.6952,18.7166
1090,76900,43.3071,44583,6.2338,4.5455
1091,138300,48.3787,30996,6.1082,13.089
1092,152500,38.1215,59712,6.1224,42.8571
1093,51800,17.8268,29279,18.5567,13.9175
1094,116000,42.9766,40833,10.7692,15.6044
1095,77600,33.2737,32037,6.8075,13.1455
1096,121000,23.1667,22059,8.2051,10.7692
1097,67800,22.7322,30909,7.5439,1.2281
1098,81900,24.6787,15026,2.9167,0
1099,88400,31.8801,29250,17.5182,3.2847
1100,76500,44.0273,31389,12.3762,8.4158
1101,34600,2.1341,13426,12.0915,6.2092
1102,54800,14.936,25761,17,5.6
1103,86400,51.0086,32336,8.0819,1.8319
1104,38900,8.4249,23594,10.625,21.25
1105,93800,20.9459,9609,10.8943,0
1106,81100,27.685,34297,14.7651,16.7785
1107,47100,4.6512,31583,2.9268,4.878
1108,38800,10.3865,38438,14.7465,1.8433
1109,60700,16.3146,34511,15.2659,3.6021
1110,78300,9.727,9388,13.7987,6.3312
1111,60800,16.2963,21371,20.4846,12.5551
1112,86900,17.8832,32500,7.482,6.1871
1113,49900,18.9189,30833,13.7931,10.0985
1114,64900,16.7742,27917,19.5195,2.1021
1115,59400,8.3658,25882,14.7651,6.7114
1116,44800,10.6599,30903,21.1082,2.1108
1117,51200,8.7108,33846,5.3691,2.0134
1118,50700,16.3717,27188,16.8766,12.8463
1119,32500,7.1749,18929,17.3684,10
1120,69000,0,40417,0,10
1121,39600,6.9164,16364,6.81,0
1122,46500,13.3641,21630,15.2047,9.9415
1123,22100,0.9554,25213,19.457,5.6561
1124,40000,12.0968,30917,15.5844,13.6364
1125,40800,25.656,29464,18.4549,8.5837
1126,50400,14.2857,19625,16.7683,12.8049
1127,40900,2.7586,18500,11.9835,10.7438
1128,42400,11.8261,21875,14.011,16.7582
1129,43600,18.7123,21786,19.3853,10.8747
1130,34100,5.7692,22768,26.0223,7.4349
1131,50800,6.5789,15353,13.1349,8.4063
1132,51800,19.186,26250,21.5339,8.5546
1133,26400,8.365,20515,17.4528,2.8302
1134,76300,63.5417,101053,0,11.9403
1135,49500,28.3531,36750,20.7692,7.4359
1136,31800,0,25114,28.0851,11.9149
1137,62000,22.6488,29583,5.7325,17.8344
1138,42500,5.4585,31375,15.7343,4.5455
1139,37900,3.7801,38047,16,3.5
1140,38000,8.4354,23628,12.1535,10.4478
1141,32600,8.4071,27188,18.5185,6.4815
1142,39800,11.4014,28375,9.0323,0
1143,63900,5.3465,33482,6.3973,2.3569
1144,92500,5.2133,21382,0,0
1145,83700,14.6868,38571,10.4396,29.6703
1146,102200,33.0508,59167,3.0568,2.1834
1147,97400,19.9475,45208,4.4944,10.1124
1148,57600,14.1085,36518,12.449,6.9388
1149,50700,13.1579,25050,14.25,16
1150,51800,16.1148,12422,19.6923,7.6923
1151,44900,12.0579,31806,17.7778,8.2222
1152,59200,7.2464,24914,12.4113,0
1153,71300,27.1777,40714,2.5641,4.1026
1154,54400,17.7189,36613,2.0548,3.4247
1155,64100,13.5697,31135,3.055,3.666
1156,46000,4.0816,24063,18.9744,0
1157,57800,14.0216,28060,6.9388,5.102
1158,46700,18.3971,36685,14.2857,8.3744
1159,48500,9.073,31250,16.2921,10.3933
1160,62900,15.7324,43438,9.396,9.0604
1161,51000,7.0686,27679,8.547,19.0883
1162,98300,28.9855,59821,0.7663,10.3448
1163,83100,18.315,26216,6.1321,8.6478
1164,72900,29.7784,35592,4.7904,4.7904
1165,110200,51.6432,58750,7.1895,34.6405
1166,117000,57.7528,61750,2.6316,7.8947
1167,100200,29.5943,56923,3.2787,12.2951
1168,151900,46.3557,63571,0,56.8182
1169,96000,42.2998,48750,3.1949,19.1693
1170,97200,29.4756,51146,9.3294,17.2012
1171,114200,37.9507,40273,7.1875,12.5
1172,141500,52.9781,75798,0,12.3636
1173,120300,57.9114,48438,8.0229,6.0172
1174,123600,62.9787,51719,2.6966,21.7978
1175,263600,70.5314,97653,3.3058,65.2893
1176,165400,46.7908,42045,12.2083,4.9372
1177,135400,67.0473,56667,4.1763,10.4408
1178,129700,63.0108,61375,4.1791,5.6716
1179,83600,22.6636,38063,2.3256,7.5134
1180,103400,42.1951,50774,0.8734,31.441
1181,64700,27.1012,32917,0,4.5213
1182,73100,12.0075,37574,2.4055,3.0928
1183,75400,14.7157,59583,0,5.3254
1184,74100,11.041,50573,1.8919,0
1185,70400,19.5161,51923,4.3597,2.1798
1186,86700,9.9119,26058,12.0104,2.8721
1187,75600,13.8996,47500,2.5,15
1188,69400,19.0259,44375,3.7736,1.6173
1189,75600,21.6125,43393,4.6346,6.0606
1190,99100,24.7191,51522,1.8405,66.8712
1191,97300,27.7174,39955,4.5283,35.0943
1192,98300,28.4536,45250,3.4921,15.2381
1193,99800,22.2558,36285,3.3639,11.9266
1194,105400,26.3043,48438,2.6549,27.8761
1195,68600,14.8796,47857,0,2.0408
1196,67300,10.4762,42167,3.8265,7.6531
1197,71200,19.6407,42396,4.4444,2.4074
1198,93900,20.3354,44028,0,3.2491
1199,93900,25.9169,42297,4.5267,10.2881
1200,127400,25.1462,61786,2.2989,87.3563
1201,68000,11.5959,44779,5.045,2.7027
1202,73400,12.2734,45256,0,6.2331
1203,68600,14.1353,58125,10,6.5789
1204,69000,7.7228,37460,0,3.0864
1205,66800,11.0763,42862,2.3766,0
1206,64600,8.039,31375,7.6642,4.1971
1207,66100,25.5605,32222,0,19.788
1208,63700,7.1983,39034,8.2278,3.1646
1209,68800,7.6159,38693,0,5.3459
1210,61100,12.1673,47813,7.3016,3.8095
1211,61200,11.6438,46250,4.3307,5.5118
1212,92600,28.9552,38816,0,5.8824
1213,96100,25.1462,48169,3.7209,9.3023
1214,70100,3.132,57992,4.6429,7.1429
1215,62800,7.5314,27813,6.9767,2.6163
1216,67100,10.5744,43808,3.7313,0
1217,61200,8.1633,29464,14.0845,0
1218,60600,8.1633,37614,0,8.9136
1219,60100,7.362,32083,11.2211,1.9802
1220,39500,6.5268,30756,12.0635,8.254
1221,48300,5.9242,40417,0,6.5574
1222,55500,5.0086,34708,7.6316,3.6842
1223,49400,14.8148,31719,4.7619,0
1224,61000,4.927,36058,6.4417,1.8405
1225,63500,6.3943,41063,9.6346,6.3123
1226,60600,3.0965,28947,7.2674,0
1227,49600,10.917,38092,0,0
1228,70400,9.6124,51898,7.8947,3.11
1229,66200,6.3472,31823,0,0
1230,66800,13.2,45333,3.6913,11.0738
1231,51600,7.7599,38438,6.4024,7.9268
1232,56800,6.1329,34000,2.8818,0
1233,57600,13.2773,36897,9.2308,2.7692
1234,42800,15.6863,27250,0,9.6154
1235,42500,9.4017,31667,0,1.8987
1236,61100,4.3328,33421,9.3333,5.0667
1237,56500,3.299,31641,10.2564,0
1238,57600,8.0692,33833,9.9846,3.8402
1239,72600,13.5565,27461,10.6809,4.8064
1240,68300,19.2748,29265,8.2353,8.9412
1241,95300,29.7952,35078,9.4801,14.9847
1242,95000,31.0345,52083,13.5,34.5
1243,65200,8.9744,26667,13.3705,4.7354
1244,97900,22.8043,46250,9.1912,31.6176
1245,123600,27.193,47946,6.5089,33.1361
1246,138900,55.0265,57727,0,74.2515
1247,109500,26.6788,39306,4.797,43.9114
1248,116100,31.0897,34100,4.8017,15.2401
1249,133600,30.3855,54583,5.7143,62.381
1250,132000,13.4503,31705,4.7393,45.4976
1251,62400,16.1111,38650,4.1176,7.6471
1252,69200,19.9153,34125,4.1667,11.7424
1253,76600,23.7762,56442,0,4.6358
1254,77100,22.8721,45417,4.3981,3.7809
1255,48800,7.7922,36042,8.6735,0
1256,75400,17.313,36283,5.0808,3.2333
1257,64100,19.1348,24609,5.625,12.5
1258,57400,7.1207,45481,0,21.3873
1259,54300,10.8291,25517,12.381,4.0476
1260,52100,9.5912,35000,0,5.1948
1261,46000,6.2731,27731,2.4523,5.9946
1262,59100,4.3353,28036,6.0291,1.8711
1263,51100,5.7953,34128,10.0379,7.0076
1264,50300,17.3193,37500,7.1429,3.6797
1265,50900,8.4507,27614,8.3205,6.7797
1266,57900,10.7639,42083,0,21.5909
1267,50700,8.6059,33250,9.0164,15.3005
1268,52800,35.1525,29943,0,11.2903
1269,54500,6.2687,30744,15.4195,17.6871
1270,53000,12.1245,35714,8.5487,10.7356
1271,65700,16.1547,41859,4.6125,0
1272,55900,12.5161,25272,6.8966,3.854
1273,55000,10.6299,32273,10.3659,8.8415
1274,52200,7.4883,34375,6.2112,3.4161
1275,58700,11.8644,31630,8.1772,9.029
1276,54900,4.4743,29821,9.0226,1.8797
1277,55000,6.2201,28646,25.6311,7.1845
1278,62500,7.9696,34188,10.8959,8.9588
1279,65200,6.901,9472,0,1.5203
1280,49000,17.5806,38199,7.398,7.6531
1281,41600,11.2847,37632,9.7923,10.3858
1282,37200,5.9701,32361,9.4545,0
1283,37600,11.7096,15833,10.0671,6.0403
1284,51800,4.5714,24167,12.8527,9.0909
1285,55800,9.0121,31781,16.9903,3.6408
1286,53400,3.75,20536,13.7821,0
1287,48700,4.918,10197,5.7592,5.4974
1288,59200,3.4188,35357,9.058,7.971
1289,57600,8.4125,33143,7.3113,4.4811
1290,64000,15.0628,22181,12.1094,6.25
1291,61800,3.3537,26823,6.7308,0
1292,46600,5.0877,31108,9.8266,11.8497
1293,55600,8.7619,26371,15.0134,5.3619
1294,61200,9.5823,25224,5.2006,1.9316
1295,43900,9.1503,28182,0,0
1296,34900,0.7707,28929,12.6615,3.6176
1297,39000,7.3099,28583,3.8961,11.6883
1298,42700,4.7368,25263,6.6838,12.8535
1299,34200,2.3529,20250,23.1771,9.8958
1300,41700,0,31705,7.8358,7.0896
1301,44200,8.8889,35156,8.2569,2.2936
1302,37600,2.439,31750,9,4
1303,31900,6.7335,24432,7.7449,1.8223
1304,21400,9.8726,18229,10.4396,15.9341
1305,39900,5.4,27031,5.3333,2.4
1306,57400,10.7635,45104,6.4877,10.2908
1307,38500,4.3373,31458,19.917,0
1308,38900,6.6079,33100,19.5467,7.6487
1309,41600,0,30556,12.6087,18.6957
1310,54800,13.2791,39167,0,5.0251
1311,49200,6.3877,40326,8.8372,0
1312,43500,12.2029,32679,6.4039,5.4187
1313,53900,19.6078,28352,10.9649,8.3333
1314,58500,6.2171,26250,56.6766,2.819
1315,57300,17.4658,47891,0,20.3883
1316,56300,12.1359,24722,25.8621,9.4828
1317,48900,15.864,24788,8.0169,0
1318,54900,10.0437,30216,4.4983,13.4948
1319,38500,10.6729,40250,6.9343,6.2044
1320,41300,4.5455,9922,12.6437,9.7701
1321,33100,1.2937,25347,8.7475,1.7893
1322,43600,7.1667,30139,24.3176,2.2333
1323,46800,3.2986,23750,12.8146,1.8307
1324,51000,5.3726,16140,22.8381,2.8825
1325,46400,12.5604,35208,24.2424,0
1326,48000,4.4077,26850,7.9007,3.6117
1327,46500,3.4951,31071,5.8104,9.4801
1328,38700,3.4833,32946,13.2251,4.8724
1329,45000,0,14792,56.5217,0
1330,35800,0,27656,19.8529,18.3824
1331,25900,0,17188,5.6452,5.6452
1332,45300,9.1266,34076,7.4766,13.7072
1333,42900,0,34018,22.7848,8.0169
1334,53100,9.4059,21286,5.1724,16.3793
1335,49500,6.3776,36364,10.4167,12.9167
1336,39200,8.9253,37778,10.9756,4.2683
1337,45800,7.0492,21121,11.809,12.5628
1338,45100,9.7561,23833,10.5051,9.899
1339,41200,5.4,28795,8.6154,20.3077
1340,41400,7.5472,29955,7.4074,6.6667
1341,50700,1.5823,27760,5.9361,11.8721
1342,27300,10.3659,17054,6.5574,15.5738
1343,46900,10.4972,25682,11.9048,11.9048
1344,33400,2.7344,16000,6.5574,13.1148
1345,40700,8.805,29500,6.1453,13.4078
1346,38100,4.1045,22604,10.219,14.5985
1347,40400,6.3966,31875,5.9055,7.874
1348,36500,0,18618,10.4396,10.989
1349,30000,6.3872,20163,13.8462,16.6667
1350,46100,5.3125,17321,3.9409,28.0788
1351,46700,7.7228,27826,13.961,4.2208
1352,41600,21.4679,24476,9.375,3.9063
1353,42200,6.8627,23594,6.6414,6.0721
1354,41100,0,26393,7.2438,11.4841
1355,44600,4.7904,28250,8.4239,7.337
1356,45100,7.9295,29698,4.6025,4.1841
1357,39400,2.7397,29464,6.0311,2.7237
1358,43800,4.2614,24130,9.324,12.3543
1359,44000,10.3896,20139,13.3621,6.4655
1360,62400,4.9628,28906,6.6964,14.2857
1361,57800,16.2011,36544,2.4064,1.8717
1362,59800,8.6735,45481,0,11.7949
1363,64400,10.1053,42250,3.6,0
1364,43700,3.609,21979,15.9574,10
1365,61100,2.2923,37596,3.1674,0
1366,56100,16.4384,33750,4,14
1367,51800,8.2803,34226,8.3682,17.9916
1368,55600,13,34423,11.3537,3.4934
1369,58700,7.0529,41316,3.1963,5.4795
1370,46900,8.1535,40741,5.1282,14.9573
1371,52000,13.3721,37125,9.0278,9.375
1372,60900,5.8462,18125,15.4074,12.8889
1373,49900,7.7315,28824,8.9474,9.4737
1374,78700,13.1749,43194,6.4516,3.9427
1375,94100,12.3596,73438,0,9.4118
1376,54200,8.3507,34167,6.4815,1.3889
1377,40200,9.3541,22813,14.5329,18.3391
1378,41000,19.0476,29583,10,3.8889
1379,40200,8.577,17321,24.94,21.1031
1380,32300,5.364,15500,18.7215,13.242
1381,36600,13.8298,12375,7.6923,20.7692
1382,36800,5.7143,20370,18.0272,13.2653
1383,37400,8.5911,19688,17.7419,19.3548
1384,27300,1.0753,25455,7.6677,3.1949
1385,47700,4.507,16528,17.3913,19.1304
1386,22400,2.1739,22161,18.4615,7.6923
1387,58600,8.3851,28144,9.6535,9.1584
1388,75000,15.7895,24118,7.5,17.5
1389,37500,6.1404,34318,0,6.9444
1390,47400,5.3963,27361,13.1765,6.1176
1391,31000,9.0604,23214,10.0529,3.7037
1392,50400,4.9815,31731,3.0928,5.1546
1393,42400,1.3722,31830,7.5949,6.5823
1394,34100,0,28542,11.9048,3.1746
1395,40300,10.8527,24583,8.0925,6.9364
1396,40800,7.6063,19792,9.9448,8.5635
1397,45000,12.1076,19345,4.4586,0
1398,38300,6.383,21307,5.8091,0
1399,36600,6.25,25909,14.3603,4.4386
1400,39400,1.1236,20469,9.0909,6.25
1401,36000,9.0226,12000,6.4935,20.7792
1402,35000,9.7324,21094,3.2864,13.1455
1403,33200,1.5203,14853,14.4989,6.823
1404,56600,16.6667,41250,0.8584,0
1405,38500,8.3969,20750,3.0303,2.2039
1406,33300,7.8767,18854,23.7251,8.204
1407,34700,12.0301,24896,37.5546,17.0306
1408,44100,4.8649,35750,15.625,4.6875
1409,38100,2.8777,17756,8.311,2.681
1410,39200,13.093,25392,16.4634,11.3415
1411,38900,0,22500,15.4856,2.8871
1412,47500,11.6142,27813,21.8137,1.9608
1413,55200,15.1268,21728,13.2716,3.1893
1414,57600,12.959,35457,9.7792,23.6593
1415,59200,12.5201,37750,8.0925,19.0751
1416,89000,12.6016,43214,0,21.0526
1417,76300,27,64844,1.9481,2.9221
1418,52400,7.1895,37188,14.0704,0
1419,49700,6.7976,27852,9.4456,9.4456
1420,54100,8.9219,40431,5.5662,8.6372
1421,75000,39.3189,47105,1.2048,4.0161
1422,94500,4.8673,39875,0.8403,13.4454
1423,57000,11.0692,45238,6.9498,4.8263
1424,53400,12.854,39423,9.4961,3.876
1425,55700,1.9444,15208,0,6.746
1426,49300,5.8559,30250,9.3525,0
1427,48000,8.1206,35727,4.2105,5.614
1428,52700,10.9162,30069,3.8596,2.807
1429,63600,7.2356,40216,0,5.8659
1430,48100,7.9137,23894,20.4301,0
1431,48900,5.0685,32330,16.3265,2.0408
1432,47200,3.0686,24167,3.6313,3.9106
1433,58800,17,31685,15.2466,10.7623
1434,72400,15.1179,26955,6.0109,7.286
1435,53200,15.304,37250,4.4218,3.9116
1436,52000,6.9193,34922,6.4815,2.5132
1437,58400,7.3446,34348,6.8311,13.093
1438,81900,22.5263,41154,5.0725,19.9275
1439,58500,13.6182,35200,6.9767,6.3425
1440,59900,13.9219,35990,2.9178,4.5093
1441,61700,18.5286,45769,0,2.2624
1442,83000,9.9746,31848,4.2017,2.8011
1443,66000,5.5804,41750,5.4422,0
1444,71900,15.0602,30943,6.2706,15.1815
1445,62700,13.4328,34205,4.7022,10.6583
1446,77300,22.7898,41964,6.7485,14.1104
1447,77000,17.7966,50745,6.2678,23.0769
1448,68400,9.5238,33889,0,0
1449,82200,22.449,50625,11.5538,18.3267
1450,87000,16.3934,25595,8.1996,16.221
1451,86800,16.9456,38696,3.5971,27.6978
1452,79800,20.0688,36034,5.1948,4.7078
1453,83200,19.8547,44375,6.3745,17.1315
1454,98300,32.5342,58500,0,41.3408
1455,96800,35.9922,59737,3.5573,13.0435
1456,85200,19.1155,61136,0,8.5427
1457,86700,21.9802,32262,3.7543,20.8191
1458,89500,9.6774,43819,4.8223,19.2893
1459,68100,22.9102,42750,2.6882,6.9892
1460,67200,9.4567,44766,3.9216,0
1461,70600,16.9271,28958,4.4834,1.9493
1462,101700,12.7072,45556,4.0161,15.261
1463,84500,17.2277,58125,4.947,11.6608
1464,116400,19.8276,45179,0,60.5839
1465,112500,14.0741,32679,6.8182,88.6364
1466,67300,16.6667,41250,8.8757,7.3964
1467,78900,24.4966,40865,0,14.5833
1468,81700,25.8206,29091,0,13.7931
1469,84900,11.0638,42109,0,7.3973
1470,82000,22.906,41563,6.8421,8.6842
1471,56800,7.6462,37500,6.8075,10.3286
1472,60300,9.8814,39500,6.1151,0
1473,57400,13.6473,34087,5.423,0
1474,62400,13.2005,39412,6.5292,3.7801
1475,60700,15.2364,43019,3.794,4.878
1476,55400,2.1898,35273,10.3321,2.214
1477,58400,9.9609,46806,3.2967,0
1478,61900,7.7938,37895,6.7568,0
1479,55700,20.2492,27019,7.2727,6.5455
1480,56700,9.5238,38869,6.9277,3.012
1481,62200,21.6028,37656,0,0
1482,58000,14.3951,37500,6.6826,1.432
1483,62900,13.4045,44615,5.9574,3.4043
1484,72900,11.6667,30909,0,0
1485,62400,14.382,43365,5.4945,0
1486,65400,20.7576,34135,4.336,4.878
1487,58300,20.9337,36912,5.2192,0
1488,61200,19.8686,46250,7.027,10
1489,58600,19.9262,31818,5.2786,0
1490,59600,14.1026,29236,5.0955,3.5032
1491,63800,12.8778,40385,1.9027,2.537
1492,65600,10.4077,31435,3.8182,6.5455
1493,65400,14.0299,30625,0,5.6604
1494,62000,15.3215,28571,3.8724,4.1002
1495,63800,22.187,32765,11.7962,6.1662
1496,61900,8.1633,32917,7.5875,9.144
1497,61900,15.4567,47083,3.7549,1.1858
1498,62900,14.058,37574,3.6954,0
1499,69500,13.2009,39861,7.9505,1.5901
1500,72900,15.0259,35577,6.5109,1.3356
1501,78300,21.202,42500,1.3774,3.0303
1502,74600,21.966,47422,4.375,0
1503,71200,4.0783,30640,2.6648,1.122
1504,80800,20.9459,35313,6.6015,0
1505,71400,15.2203,45313,4.2424,6.8687
1506,73100,18.2493,40238,1.8913,0
1507,74600,12.3003,53125,8.0292,0
1508,72200,9.713,39545,3.3088,0
1509,58100,6.0827,34583,0,0
1510,59200,11.8943,43988,7.197,0
1511,66900,12,34458,4.7059,0
1512,72200,13.1757,44196,5.2023,0
1513,74500,17.7725,31806,0,3.6
1514,78500,7.6923,46429,3.0211,3.6254
1515,69900,8.4211,33281,2.5862,0
1516,61700,8.5437,24907,5.3125,0
1517,52600,13.4615,26623,3.4934,0
1518,62400,14.7815,37022,3.7475,4.3393
1519,59700,4.1333,42222,5.3498,2.0576
1520,65500,11.1351,50000,5.5077,0
1521,63300,9.0909,33235,2.0134,0
1522,56200,15.6398,36979,6.4593,2.3923
1523,56300,14.5125,31830,1.5504,0
1524,59600,9.5339,35568,3.5948,0
1525,63700,14.2857,28802,11.7904,2.6201
1526,62700,6.0698,42386,4.6229,6.0827
1527,59100,7.5391,38446,7.7951,10.6904
1528,59600,11.3173,31579,3.2154,23.7942
1529,56300,10.8696,36298,7.5758,17.803
1530,55300,6.4327,36339,8.6957,4.3478
1531,50000,17.6923,40521,0,4.7337
1532,64600,5.0725,36742,5.6075,4.6729
1533,62900,8.958,39653,1.1561,3.1792
1534,57500,6.4607,34408,4.7059,0
1535,61300,4.6589,28421,3.0581,5.1988
1536,58100,4.7468,35556,5.7831,1.4458
1537,56200,0,27000,5.314,3.8647
1538,56300,16.3978,33750,0,4.4693
1539,56500,5.9545,39118,4.3373,2.1687
1540,58200,3.3333,29943,7.2848,6.6225
1541,51800,5.7576,43266,13.8173,9.1335
1542,62300,6.25,24205,9.6234,22.1757
1543,48700,11.5044,27045,10.9415,7.3791
1544,50300,13.5647,20192,11.4679,15.5963
1545,40800,0,31250,10.1449,10.1449
1546,55200,4.7101,41528,8.6486,3.7838
1547,51400,12.9676,30250,6.4516,2.8226
1548,55700,3.5398,32115,11.4504,10.3053
1549,49000,3.066,23036,7.0234,9.3645
1550,52700,4.0184,36111,4.5775,1.9366
1551,76100,11.7216,27708,0,13.6872
1552,77900,18.1818,33421,8.4158,16.3366
1553,62100,15.4605,41528,19.8276,2.5862
1554,46900,8.7336,26875,16.2069,10.3448
1555,53100,19.0476,30417,19.788,20.8481
1556,47500,6.993,31607,9.292,0
1557,61500,8.0483,36100,5.5105,4.2139
1558,70900,19.0751,51063,8.1325,6.6265
1559,67600,10.6084,44471,8.0402,2.2613
1560,73400,5.0781,36974,0,15.2318
1561,64400,8.3333,45809,3.9683,5.9524
1562,57300,10.7456,31793,8,7
1563,65000,24.6377,30278,10.5769,8.6538
1564,59500,11.5854,23667,5.4795,6.8493
1565,68700,7.4681,34281,2.3102,19.1419
1566,40700,0,22679,0,0
1567,28400,8.1395,27750,0,34.2857
1568,56300,4.7718,25781,11.9658,12.2507
1569,50500,8.3051,34722,11.9534,14.5773
1570,52900,5.9459,39276,4.0598,4.9145
1571,81500,12.5786,30909,6.8536,17.757
1572,80300,10.8541,39167,4.6784,10.8187
1573,60700,6.2099,30875,8.1272,0
1574,62000,7.3123,35469,3.0508,0
1575,61300,7.0254,32019,6.7114,2.9083
1576,44200,6.5744,23611,14.4928,0
1577,59400,12.3236,40112,5.4054,12.6126
1578,67600,6.7114,31587,0,0
1579,58100,7.438,34453,3.8596,0
1580,57200,5.9701,38068,4.4601,0
1581,65100,25.9098,31667,8.6168,3.6281
1582,64600,9.9842,29643,8.6168,6.576
1583,67700,12.7778,35714,2.994,10.1796
1584,71700,17.5066,42258,4.6053,5.2632
1585,70000,21.1353,39855,6.3319,1.9651
1586,74900,22.9448,40375,4.486,1.3084
1587,80600,13.7369,44375,1.7274,0
1588,83000,11.491,31429,5.1622,9.587
1589,82600,29.5455,35577,10.0402,2.4096
1590,90900,10.0858,54792,0,6.2241
1591,91400,19.5335,43929,0,3.1847
1592,96000,26.1329,51250,3.6176,6.2016
1593,90900,11.4499,24077,4.2945,3.5276
1594,98900,20.6532,39911,3.577,28.9269
1595,120900,27.3885,59286,2.5641,79.4872
1596,100700,31.8095,36136,3.4682,30.6358
1597,95100,19.6927,55417,0,24.4444
1598,86500,18.6935,27610,4.329,6.4935
1599,83800,19.1052,32964,4.9236,0
1600,99000,25.062,44444,3.3195,18.6722
1601,84500,10.8548,36528,4.7273,8
1602,85700,22.8261,36210,3.1359,5.5749
1603,86800,13.7019,33421,3.6885,14.7541
1604,79900,13.615,47431,3.4091,4.9242
1605,88000,26.0989,45607,3.527,9.1286
1606,95200,18.5185,40647,7.3903,27.0208
1607,88100,12.536,53500,2.2831,34.9315
1608,91500,17.9158,28882,4.5191,8.8065
1609,108000,16.8919,34583,4.2386,14.4427
1610,104400,18.2186,48103,4.8485,23.6364
1611,91500,22.8867,23151,3.5593,6.1017
1612,86000,23.4828,31875,6.1856,12.3711
1613,91300,31.2024,45417,4.4118,10.8824
1614,83800,19.596,43281,5.178,10.0324
1615,102900,17.5345,40906,4.0816,10.8418
1616,85000,22.1111,50278,0,1.9417
1617,83100,20.9516,30721,3.9474,1.3158
1618,95800,21.5034,28896,1.0806,0.7859
1619,95000,11.6046,28750,7.7844,16.9661
1620,87600,16.7033,36172,4.1353,32.3308
1621,88700,12,46992,6.7633,20.7729
1622,86900,11.6603,39643,0,17.5115
1623,109800,20.0686,36417,3.183,38.1963
1624,93000,21.8713,31622,9.0323,18.2258
1625,97800,23.3564,63750,1.3468,25.9259
1626,111100,15.204,47446,2.2113,23.8329
1627,93200,15.7609,45357,3.1792,18.7861
1628,102600,11.8143,34667,0,67.1815
1629,119100,21.2891,38750,2.8939,38.5852
1630,94100,16.2621,25583,4.0453,11.3269
1631,109000,14.5329,39167,4.6243,23.1214
1632,118600,42.4242,36406,8.2251,23.5931
1633,95800,16.129,55500,5.3269,14.0436
1634,102400,22.4313,40208,2.7197,6.9038
1635,113200,29.454,44196,2.9026,5.3905
1636,124000,6.1224,68750,8.3333,54.1667
1637,117400,23.7945,36354,2.9948,25.7813
1638,99500,16.5733,49295,2.1442,41.9103
1639,116100,24.3243,60638,1.4907,44.8447
1640,169000,45.0472,78825,0,100
1641,170100,42.4121,86214,0.6726,97.5336
1642,94700,24.8665,30307,3.9519,4.1237
1643,95300,25.5007,23571,3.864,7.0582
1644,83300,37.7788,41345,3.0636,8.1697
1645,110900,19.0951,28229,3.3688,1.0638
1646,100300,17.5206,52353,1.9672,6.776
1647,93100,12.6528,40019,3.901,1.3321
1648,89100,9.2199,38466,3.1524,10.5079
1649,88300,10.3496,40709,3.8119,3.1766
1650,99900,12.1377,56103,2.3669,1.7751
1651,141400,27.5936,55714,1.6393,93.4426
1652,14600,11.5216,34821,3.1818,2.9545
1653,80300,13.1555,46384,1.7405,0
1654,83000,17.4,35396,5.3162,1.5582
1655,96800,21.6832,46944,2.673,55.5031
1656,87100,9.1049,49500,1.7143,50
1657,93800,13.9485,43906,0,95.4955
1658,101600,20.4908,41736,0.9195,19.7701
1659,92100,12.7241,40707,5.7143,4.2365
1660,94800,15.2207,39722,4.0964,6.747
1661,58600,4.8462,22208,10.4603,5.8577
1662,66300,9.5179,40877,4.6103,8.3425
1663,69300,3.0888,32546,6.1224,9.0379
1664,75500,9.4945,31773,7.0796,7.6106
1665,85800,22.6781,36354,4.5433,5.2388
1666,86500,15.6315,52019,3.7199,30.4158
1667,94400,23.3516,56034,3.2727,21.4545
1668,121400,20.3455,47308,0,64.4444
1669,111200,6.2661,41518,4.4248,51.3274
1670,84600,6.8759,51920,3.3613,2.9412
1671,82800,7.4031,45984,0,0
1672,92400,13.1295,43672,8.4211,0
1673,87600,17.234,43289,2.7778,2.4573
1674,93800,12.0325,42660,2.5641,16.3343
1675,100300,21.2514,50809,4.1026,21.1282
1676,133200,18.8427,35652,3.9521,42.515
1677,109600,25,28342,3.1405,6.5289
1678,103200,23.4593,34464,3.0928,14.9088
1679,142200,20.0903,37787,3.2735,53.0095
1680,148700,20.7101,50956,0,100
1681,101800,18.5574,43393,2.332,21.5364
1682,155400,28.6541,58750,0,92.236
1683,100700,31.4884,41479,2.7074,2.8821
1684,101200,26.7925,32283,4.3077,0.9231
1685,95700,32.6408,27778,5.3261,0.6522
1686,90400,22.49,29202,5.0909,4
1687,112000,15.6408,46944,3.038,55.1899
1688,108300,27.1978,47273,0,12.9808
1689,112900,38.88,75584,0,12.1818
1690,130300,17.3246,49450,0.4348,64.3478
1691,103800,25.9695,45781,2.7381,20.3571
1692,116000,23.4269,38214,1.2079,30.1984
1693,121200,21.4478,45539,2.4857,38.8145
1694,93000,22.1076,51328,10.322,5.1197
1695,106600,21.6596,52500,0,97.5741
1696,88300,13.9253,39861,3.1175,1.279
1697,87200,19.9301,49663,0,0
1698,87000,9.98,56034,1.4085,0
1699,86000,16.5477,48750,2.9919,2.4166
1700,99100,15.7895,51406,0,9.3651
1701,116400,17.9786,70982,2.0089,45.7589
1702,88000,14.0432,57917,4.0476,9.7619
1703,85500,6.9683,45694,5.3659,4.5528
1704,97900,14.143,46724,1.3532,7.5778
1705,135700,39.2473,86182,0,51.0989
1706,95200,15.6956,67656,2.0942,0
1707,91400,21.3202,65650,2.8381,20.2003
1708,87800,11.5922,56806,3.9851,0.9963
1709,80700,14.7826,43988,4.291,7.8358
1710,80300,4.9724,50750,4.5792,7.0545
1711,89600,13.6828,44926,1.8735,8.4309
1712,89400,8.8688,61944,0,1.5152
1713,86600,12.7451,48333,1.0084,1.0084
1714,89800,15.5268,59302,0.7874,1.7717
1715,95000,5.8219,51250,0,0
1716,112300,19.724,56506,0,24.565
1717,137000,25.579,42329,5.1948,26.1738
1718,131800,31.7159,42348,5.0887,38.0879
1719,149500,21.8816,62353,0,64.6809
1720,223800,76.951,87027,0,2.0151
