<?xml version="1.0" encoding="UTF-8"?>
<metadata xml:lang="en"><Esri><CreaDate>20131006</CreaDate><CreaTime>19252800</CreaTime><ArcGISFormat>1.0</ArcGISFormat><SyncOnce>TRUE</SyncOnce><DataProperties><lineage><Process ToolSource="c:\program files (x86)\arcgis\desktop10.1\ArcToolbox\Toolboxes\Data Management Tools.tbx\CreateTable" Date="20131006" Time="192528">CreateTable "C:\Users\pavel\Dropbox\Documents\Work and School\Teaching\MUSA Spatial Stats\Point Pattern Analysis\Nearest Neighbor Data" table1.dbf # #</Process><Process ToolSource="c:\program files (x86)\arcgis\desktop10.1\ArcToolbox\Toolboxes\Data Management Tools.tbx\AddField" Date="20131006" Time="192528">AddField "C:\Users\pavel\Dropbox\Documents\Work and School\Teaching\MUSA Spatial Stats\Point Pattern Analysis\Nearest Neighbor Data\table1.dbf" ExpectedK DOUBLE # # # # NULLABLE NON_REQUIRED #</Process><Process ToolSource="c:\program files (x86)\arcgis\desktop10.1\ArcToolbox\Toolboxes\Data Management Tools.tbx\AddField" Date="20131006" Time="192528">AddField "C:\Users\pavel\Dropbox\Documents\Work and School\Teaching\MUSA Spatial Stats\Point Pattern Analysis\Nearest Neighbor Data\table1.dbf" ObservedK DOUBLE # # # # NULLABLE NON_REQUIRED #</Process><Process ToolSource="c:\program files (x86)\arcgis\desktop10.1\ArcToolbox\Toolboxes\Data Management Tools.tbx\AddField" Date="20131006" Time="192528">AddField "C:\Users\pavel\Dropbox\Documents\Work and School\Teaching\MUSA Spatial Stats\Point Pattern Analysis\Nearest Neighbor Data\table1.dbf" DiffK DOUBLE # # # # NULLABLE NON_REQUIRED #</Process><Process ToolSource="c:\program files (x86)\arcgis\desktop10.1\ArcToolbox\Toolboxes\Data Management Tools.tbx\AddField" Date="20131006" Time="192528">AddField "C:\Users\pavel\Dropbox\Documents\Work and School\Teaching\MUSA Spatial Stats\Point Pattern Analysis\Nearest Neighbor Data\table1.dbf" LwConfEnv DOUBLE # # # # NULLABLE NON_REQUIRED #</Process><Process ToolSource="c:\program files (x86)\arcgis\desktop10.1\ArcToolbox\Toolboxes\Data Management Tools.tbx\AddField" Date="20131006" Time="192528">AddField "C:\Users\pavel\Dropbox\Documents\Work and School\Teaching\MUSA Spatial Stats\Point Pattern Analysis\Nearest Neighbor Data\table1.dbf" HiConfEnv DOUBLE # # # # NULLABLE NON_REQUIRED #</Process><Process ToolSource="c:\program files (x86)\arcgis\desktop10.1\ArcToolbox\Toolboxes\Spatial Statistics Tools.tbx\MultiDistanceSpatialClustering" Date="20131006" Time="192528">MultiDistanceSpatialClustering Many_Pts "C:\Users\pavel\Dropbox\Documents\Work and School\Teaching\MUSA Spatial Stats\Point Pattern Analysis\Nearest Neighbor Data\table1.dbf" 10 9_PERMUTATIONS DISPLAY_IT # 0 1250 RIPLEY_EDGE_CORRECTION_FORMULA USER_PROVIDED_STUDY_AREA_FEATURE_CLASS Philadelphia</Process></lineage></DataProperties></Esri></metadata>
