<?xml version="1.0" encoding="UTF-8"?>
<metadata xml:lang="en"><Esri><CreaDate>20201130</CreaDate><CreaTime>15320100</CreaTime><ArcGISFormat>1.0</ArcGISFormat><SyncOnce>TRUE</SyncOnce><DataProperties><lineage><Process ToolSource="c:\program files (x86)\arcgis\desktop10.7\ArcToolbox\Toolboxes\Spatial Statistics Tools.tbx\MultiDistanceSpatialClustering" Date="20201130" Time="153201">MultiDistanceSpatialClustering DOH_Hospitals201210 "C:\Users\Administrator\Dropbox\Documents\Work and School\Teaching\CPLN 671 - Statistics and Data Mining\Data\Lecture 18 - 20 - R\Point Pattern Analysis\Data\K-Functions Taking Population Into Consideration\ClassOutput2020.dbf" 10 9_PERMUTATIONS DISPLAY_IT # 25000 25000 SIMULATE_OUTER_BOUNDARY_VALUES USER_PROVIDED_STUDY_AREA_FEATURE_CLASS PA_State_Plane</Process></lineage></DataProperties></Esri></metadata>
