<?xml version="1.0" encoding="UTF-8"?>
<metadata xml:lang="en"><Esri><CreaDate>20130624</CreaDate><CreaTime>23080000</CreaTime><ArcGISFormat>1.0</ArcGISFormat><SyncOnce>TRUE</SyncOnce><DataProperties><lineage><Process ToolSource="c:\program files (x86)\arcgis\desktop10.1\ArcToolbox\Toolboxes\Data Management Tools.tbx\CreateTable" Date="20130624" Time="230800">CreateTable "C:\Users\pavel\Dropbox\Documents\Work and School\Teaching\MUSA Spatial Stats\Point Pattern Analysis\Pennsylvania Hospitals" K_Orig_Pattern.dbf # #</Process><Process ToolSource="c:\program files (x86)\arcgis\desktop10.1\ArcToolbox\Toolboxes\Data Management Tools.tbx\AddField" Date="20130624" Time="230800">AddField "C:\Users\pavel\Dropbox\Documents\Work and School\Teaching\MUSA Spatial Stats\Point Pattern Analysis\Pennsylvania Hospitals\K_Orig_Pattern.dbf" ExpectedK DOUBLE # # # # NULLABLE NON_REQUIRED #</Process><Process ToolSource="c:\program files (x86)\arcgis\desktop10.1\ArcToolbox\Toolboxes\Data Management Tools.tbx\AddField" Date="20130624" Time="230800">AddField "C:\Users\pavel\Dropbox\Documents\Work and School\Teaching\MUSA Spatial Stats\Point Pattern Analysis\Pennsylvania Hospitals\K_Orig_Pattern.dbf" ObservedK DOUBLE # # # # NULLABLE NON_REQUIRED #</Process><Process ToolSource="c:\program files (x86)\arcgis\desktop10.1\ArcToolbox\Toolboxes\Data Management Tools.tbx\AddField" Date="20130624" Time="230800">AddField "C:\Users\pavel\Dropbox\Documents\Work and School\Teaching\MUSA Spatial Stats\Point Pattern Analysis\Pennsylvania Hospitals\K_Orig_Pattern.dbf" DiffK DOUBLE # # # # NULLABLE NON_REQUIRED #</Process><Process ToolSource="c:\program files (x86)\arcgis\desktop10.1\ArcToolbox\Toolboxes\Data Management Tools.tbx\AddField" Date="20130624" Time="230800">AddField "C:\Users\pavel\Dropbox\Documents\Work and School\Teaching\MUSA Spatial Stats\Point Pattern Analysis\Pennsylvania Hospitals\K_Orig_Pattern.dbf" LwConfEnv DOUBLE # # # # NULLABLE NON_REQUIRED #</Process><Process ToolSource="c:\program files (x86)\arcgis\desktop10.1\ArcToolbox\Toolboxes\Data Management Tools.tbx\AddField" Date="20130624" Time="230800">AddField "C:\Users\pavel\Dropbox\Documents\Work and School\Teaching\MUSA Spatial Stats\Point Pattern Analysis\Pennsylvania Hospitals\K_Orig_Pattern.dbf" HiConfEnv DOUBLE # # # # NULLABLE NON_REQUIRED #</Process><Process ToolSource="c:\program files (x86)\arcgis\desktop10.1\ArcToolbox\Toolboxes\Spatial Statistics Tools.tbx\MultiDistanceSpatialClustering" Date="20130624" Time="230802">MultiDistanceSpatialClustering DOH_Hospitals201210 "C:\Users\pavel\Dropbox\Documents\Work and School\Teaching\MUSA Spatial Stats\Point Pattern Analysis\Pennsylvania Hospitals\K_Orig_Pattern.dbf" 10 99_PERMUTATIONS DISPLAY_IT # 0 25000 RIPLEY_EDGE_CORRECTION_FORMULA USER_PROVIDED_STUDY_AREA_FEATURE_CLASS PA</Process></lineage></DataProperties></Esri></metadata>
